"Date","Price","Open","High","Low","Vol.","Change %"
"04/11/2025","5,068.00","4,974.50","5,068.00","4,898.00","","3.50%"
"04/10/2025","4,896.50","5,003.00","5,041.00","4,876.00","","2.33%"
"04/09/2025","4,785.00","4,790.50","4,804.00","4,610.00","","-0.37%"
"04/08/2025","4,803.00","4,788.00","4,870.00","4,740.00","","0.78%"
"04/07/2025","4,766.00","5,091.00","5,091.00","4,764.00","","-6.22%"
"04/04/2025","5,082.00","5,287.00","5,314.00","5,058.00","4.32K","-4.60%"
"04/03/2025","5,327.00","5,287.00","5,352.00","5,224.00","4.23K","-0.80%"
"04/02/2025","5,370.00","5,381.00","5,422.00","5,272.00","2.58K","-0.07%"
"04/01/2025","5,374.00","5,280.00","5,380.00","5,178.00","3.73K","2.11%"
"03/31/2025","5,263.00","5,322.00","5,388.00","5,243.00","1.56K","-0.96%"
"03/28/2025","5,314.00","5,357.00","5,377.00","5,281.00","1.61K","-0.24%"
"03/27/2025","5,327.00","5,432.00","5,448.00","5,249.00","3.59K","-1.48%"
"03/26/2025","5,407.00","5,533.00","5,544.00","5,401.00","2.64K","-3.08%"
"03/25/2025","5,579.00","5,480.00","5,600.00","5,472.00","5.41K","1.58%"
"03/24/2025","5,492.00","5,494.00","5,554.00","5,455.00","4.82K","-0.22%"
"03/21/2025","5,504.00","5,474.00","5,537.00","5,453.00","4.06K","0.40%"
"03/20/2025","5,482.00","5,500.00","5,545.00","5,424.00","5.12K","-0.49%"
"03/19/2025","5,509.00","5,455.00","5,525.00","5,369.00","5.49K","1.05%"
"03/18/2025","5,452.00","5,452.00","5,499.00","5,406.00","2.91K","0.02%"
"03/17/2025","5,451.00","5,400.00","5,484.00","5,354.00","2.95K","1.38%"
"03/14/2025","5,377.00","5,502.00","5,502.00","5,372.00","3.38K","-2.34%"
"03/13/2025","5,506.00","5,485.00","5,556.00","5,422.00","4.03K","0.40%"
"03/12/2025","5,484.00","5,513.00","5,538.00","5,437.00","4.03K","-0.53%"
"03/11/2025","5,513.00","5,358.00","5,550.00","5,341.00","3.80K","3.20%"
"03/10/2025","5,342.00","5,335.00","5,435.00","5,286.00","3.19K","0.45%"
"03/07/2025","5,318.00","5,399.00","5,432.00","5,257.00","6.11K","-1.26%"
"03/06/2025","5,386.00","5,585.00","5,585.00","5,339.00","4.45K","-3.87%"
"03/05/2025","5,603.00","5,590.00","5,693.00","5,566.00","4.65K","0.07%"
"03/04/2025","5,599.00","5,428.00","5,603.00","5,393.00","3.98K","2.85%"
"03/03/2025","5,444.00","5,300.00","5,490.00","5,295.00","4.25K","2.91%"
"02/28/2025","5,290.00","5,322.00","5,383.00","5,249.00","3.33K","-0.88%"
"02/27/2025","5,337.00","5,320.00","5,428.00","5,314.00","2.18K","-0.67%"
"02/26/2025","5,373.00","5,379.00","5,395.00","5,240.00","3.74K","0.07%"
"02/25/2025","5,369.00","5,558.00","5,566.00","5,301.00","6.33K","-2.49%"
"02/24/2025","5,506.00","5,667.00","5,667.00","5,491.00","4.53K","-2.89%"
"02/21/2025","5,670.00","5,620.00","5,688.00","5,582.00","2.90K","1.07%"
"02/20/2025","5,610.00","5,681.00","5,692.00","5,570.00","3.52K","-1.60%"
"02/19/2025","5,701.00","5,686.00","5,773.00","5,671.00","4.15K","0.41%"
"02/18/2025","5,678.00","5,631.00","5,684.00","5,499.00","3.67K","0.78%"
"02/17/2025","5,634.00","5,670.00","5,740.00","5,606.00","1.80K","-0.70%"
"02/14/2025","5,674.00","5,745.00","5,789.00","5,639.00","3.35K","-1.15%"
"02/13/2025","5,740.00","5,737.00","5,800.00","5,706.00","2.88K","-0.43%"
"02/12/2025","5,765.00","5,606.00","5,788.00","5,579.00","3.61K","2.74%"
"02/11/2025","5,611.00","5,637.00","5,678.00","5,575.00","3.12K","-0.62%"
"02/10/2025","5,646.00","5,564.00","5,678.00","5,536.00","4.14K","2.34%"
"02/07/2025","5,517.00","5,574.00","5,610.00","5,504.00","2.46K","-1.50%"
"02/06/2025","5,601.00","5,600.00","5,651.00","5,583.00","5.79K","0.38%"
"02/05/2025","5,580.00","5,500.00","5,615.00","5,464.00","2.98K","1.81%"
"02/04/2025","5,481.00","5,484.00","5,577.00","5,434.00","2.88K","0.51%"
"02/03/2025","5,453.00","5,606.00","5,615.00","5,427.00","3.16K","-2.94%"
"01/31/2025","5,618.00","5,644.00","5,750.00","5,536.00","2.07K","-0.12%"
"01/30/2025","5,625.00","5,503.00","5,635.00","5,502.00","1.88K","2.07%"
"01/29/2025","5,511.00","5,425.00","5,518.00","5,423.00","1.53K","1.25%"
"01/28/2025","5,443.00","5,363.00","5,449.00","5,288.00","2.23K","0.42%"
"01/27/2025","5,420.00","5,485.00","5,556.00","5,383.00","5.51K","-2.24%"
"01/24/2025","5,544.00","5,500.00","5,600.00","5,425.00","8.37K","1.13%"
"01/23/2025","5,482.00","5,446.00","5,546.00","5,373.00","9.03K","0.55%"
"01/22/2025","5,452.00","5,252.00","5,468.00","5,252.00","8.68K","3.59%"
"01/21/2025","5,263.00","5,126.00","5,335.00","5,111.00","9.32K","2.33%"
"01/20/2025","5,143.00","4,978.00","5,160.00","4,955.00","4.84K","2.74%"
"01/17/2025","5,006.00","4,891.00","5,083.00","4,890.00","11.11K","2.39%"
"01/16/2025","4,889.00","4,922.00","4,982.00","4,883.00","8.64K","-0.47%"
"01/15/2025","4,912.00","4,870.00","4,946.00","4,842.00","7.23K","1.01%"
"01/14/2025","4,863.00","4,902.00","4,911.00","4,853.00","6.01K","-0.80%"
"01/13/2025","4,902.00","4,951.00","4,993.00","4,890.00","7.10K","-1.29%"
"01/10/2025","4,966.00","4,983.00","5,020.00","4,951.00","5.27K","-0.26%"
"01/09/2025","4,979.00","4,990.00","5,017.00","4,956.00","4.51K","0.46%"
"01/08/2025","4,956.00","5,011.00","5,034.00","4,923.00","5.50K","-1.26%"
"01/07/2025","5,019.00","4,990.00","5,040.00","4,970.00","5.27K","0.70%"
"01/06/2025","4,984.00","4,968.00","5,062.00","4,953.00","5.82K","0.32%"
"01/03/2025","4,968.00","5,042.00","5,076.00","4,952.00","4.47K","-1.74%"
"01/02/2025","5,056.00","4,900.00","5,100.00","4,880.00","6.92K","3.71%"
"12/31/2024","4,875.00","4,895.00","4,901.00","4,826.00","4.90K","-0.93%"
"12/30/2024","4,921.00","4,935.00","4,985.00","4,887.00","3.87K","-0.65%"
"12/27/2024","4,953.00","5,030.00","5,030.00","4,933.00","5.92K","-1.75%"
"12/24/2024","5,041.00","5,008.00","5,051.00","5,001.00","2.49K","0.66%"
"12/23/2024","5,008.00","5,000.00","5,032.00","4,938.00","6.05K","0.12%"
"12/20/2024","5,002.00","5,050.00","5,104.00","4,959.00","6.15K","-0.87%"
"12/19/2024","5,046.00","5,158.00","5,204.00","5,014.00","8.17K","-1.81%"
"12/18/2024","5,139.00","5,188.00","5,222.00","5,128.00","7.99K","-0.56%"
"12/17/2024","5,168.00","5,175.00","5,236.00","5,110.00","6.19K","-0.67%"
"12/16/2024","5,203.00","5,105.00","5,264.00","5,085.00","8.27K","0.37%"
"12/13/2024","5,184.00","5,101.00","5,236.00","5,048.00","8.65K","0.62%"
"12/12/2024","5,152.00","5,050.00","5,203.00","5,045.00","6.03K","1.00%"
"12/11/2024","5,101.00","5,198.00","5,198.00","5,020.00","7.71K","-2.50%"
"12/10/2024","5,232.00","5,305.00","5,510.00","5,181.00","11.88K","0.62%"
"12/09/2024","5,200.00","5,090.00","5,308.00","4,982.00","9.55K","1.64%"
"12/06/2024","5,116.00","4,925.00","5,152.00","4,885.00","8.34K","4.99%"
"12/05/2024","4,873.00","4,765.00","4,883.00","4,760.00","7.31K","2.57%"
"12/04/2024","4,751.00","4,645.00","4,760.00","4,540.00","9.93K","3.19%"
"12/03/2024","4,604.00","4,766.00","4,766.00","4,507.00","13.95K","-4.20%"
"12/02/2024","4,806.00","5,301.00","5,309.00","4,793.00","12.07K","-10.62%"
"11/29/2024","5,377.00","5,500.00","5,694.00","5,362.00","6.88K","-2.73%"
"11/28/2024","5,528.00","5,500.00","5,569.00","5,426.00","4.31K","0.58%"
"11/27/2024","5,496.00","5,125.00","5,513.00","5,114.00","9.64K","7.47%"
"11/26/2024","5,114.00","5,032.00","5,167.00","5,030.00","5.61K","0.08%"
"11/25/2024","5,110.00","4,985.00","5,327.00","4,968.00","11.85K","2.51%"
"11/22/2024","4,985.00","4,773.00","5,018.00","4,725.00","6.68K","4.14%"
"11/21/2024","4,787.00","4,845.00","4,856.00","4,763.00","5.17K","-0.23%"
"11/20/2024","4,798.00","4,686.00","4,815.00","4,674.00","4.60K","3.05%"
"11/19/2024","4,656.00","4,725.00","4,747.00","4,630.00","7.35K","-1.67%"
"11/18/2024","4,735.00","4,749.00","4,877.00","4,682.00","7.48K","-0.80%"
"11/15/2024","4,773.00","4,700.00","4,868.00","4,686.00","6.84K","-0.08%"
"11/14/2024","4,777.00","4,628.00","4,867.00","4,594.00","9.08K","3.13%"
"11/13/2024","4,632.00","4,519.00","4,646.00","4,492.00","6.73K","2.09%"
"11/12/2024","4,537.00","4,466.00","4,612.00","4,458.00","6.39K","1.36%"
"11/11/2024","4,476.00","4,343.00","4,490.00","4,341.00","5.46K","2.29%"
"11/08/2024","4,376.00","4,475.00","4,475.00","4,369.00","5.28K","-2.45%"
"11/07/2024","4,486.00","4,323.00","4,508.00","4,320.00","7.96K","4.16%"
"11/06/2024","4,307.00","4,352.00","4,359.00","4,241.00","6.20K","-1.49%"
"11/05/2024","4,372.00","4,323.00","4,400.00","4,310.00","4.40K","1.25%"
"11/04/2024","4,318.00","4,279.00","4,330.00","4,271.00","5.47K","0.91%"
"11/01/2024","4,279.00","4,380.00","4,405.00","4,259.00","7.18K","-2.06%"
"10/31/2024","4,369.00","4,429.00","4,458.00","4,357.00","4.23K","-1.89%"
"10/30/2024","4,453.00","4,400.00","4,475.00","4,340.00","6.02K","1.25%"
"10/29/2024","4,398.00","4,492.00","4,558.00","4,376.00","4.85K","-2.31%"
"10/28/2024","4,502.00","4,406.00","4,535.00","4,389.00","5.74K","2.06%"
"10/25/2024","4,411.00","4,340.00","4,426.00","4,296.00","6.98K","1.71%"
"10/24/2024","4,337.00","4,443.00","4,521.00","4,332.00","10.18K","-2.39%"
"10/23/2024","4,443.00","4,425.00","4,458.00","4,366.00","8.41K","0.41%"
"10/22/2024","4,425.00","4,512.00","4,582.00","4,395.00","10.39K","-1.73%"
"10/21/2024","4,503.00","4,564.00","4,583.00","4,450.00","7.37K","-2.43%"
"10/18/2024","4,615.00","4,580.00","4,648.00","4,552.00","6.78K","0.37%"
"10/17/2024","4,598.00","4,752.00","4,777.00","4,567.00","9.07K","-3.24%"
"10/16/2024","4,752.00","4,792.00","4,867.00","4,717.00","10.73K","-0.54%"
"10/15/2024","4,778.00","4,839.00","4,880.00","4,772.00","7.32K","-1.34%"
"10/14/2024","4,843.00","4,669.00","4,854.00","4,658.00","11.16K","3.53%"
"10/11/2024","4,678.00","4,742.00","4,795.00","4,666.00","8.83K","-1.35%"
"10/10/2024","4,742.00","4,684.00","4,778.00","4,656.00","6.87K","0.87%"
"10/09/2024","4,701.00","4,669.00","4,773.00","4,626.00","9.28K","0.36%"
"10/08/2024","4,684.00","4,690.00","4,739.00","4,612.00","11.68K","0.52%"
"10/07/2024","4,660.00","4,841.00","4,841.00","4,648.00","10.53K","-4.10%"
"10/04/2024","4,859.00","4,725.00","4,876.00","4,677.00","7.10K","2.94%"
"10/03/2024","4,720.00","4,875.00","4,949.00","4,704.00","9.08K","-2.92%"
"10/02/2024","4,862.00","5,151.00","5,190.00","4,851.00","11.97K","-6.12%"
"10/01/2024","5,179.00","5,232.00","5,236.00","5,118.00","7.76K","-0.88%"
"09/30/2024","5,225.00","5,172.00","5,235.00","5,140.00","5.68K","0.42%"
"09/27/2024","5,203.00","5,242.00","5,242.00","5,099.00","4.22K","-0.74%"
"09/26/2024","5,242.00","5,140.00","5,280.00","5,136.00","6.15K","1.75%"
"09/25/2024","5,152.00","5,029.00","5,175.00","4,962.00","6.43K","-3.01%"
"09/24/2024","5,312.00","5,258.00","5,372.00","5,196.00","5.94K","0.68%"
"09/23/2024","5,276.00","5,020.00","5,293.00","5,018.00","6.65K","4.29%"
"09/20/2024","5,059.00","5,259.00","5,279.00","5,008.00","9.32K","-3.60%"
"09/19/2024","5,248.00","5,295.00","5,345.00","5,210.00","6.99K","-1.61%"
"09/18/2024","5,334.00","5,319.00","5,369.00","5,208.00","6.17K","0.58%"
"09/17/2024","5,303.00","5,242.00","5,350.00","5,123.00","7.41K","1.09%"
"09/16/2024","5,246.00","5,252.00","5,486.00","5,227.00","8.56K","-0.40%"
"09/13/2024","5,267.00","5,077.00","5,281.00","5,050.00","6.96K","3.74%"
"09/12/2024","5,077.00","5,000.00","5,115.00","4,993.00","8.26K","1.38%"
"09/11/2024","5,008.00","4,897.00","5,023.00","4,861.00","4.92K","2.27%"
"09/10/2024","4,897.00","4,892.00","4,986.00","4,847.00","6.99K","0.12%"
"09/09/2024","4,891.00","4,795.00","4,908.00","4,780.00","5.42K","2.54%"
"09/06/2024","4,770.00","4,900.00","4,925.00","4,750.00","6.39K","-2.87%"
"09/05/2024","4,911.00","4,887.00","4,966.00","4,871.00","6.37K","-0.02%"
"09/04/2024","4,912.00","4,718.00","4,928.00","4,701.00","8.93K","4.29%"
"09/03/2024","4,710.00","4,750.00","4,875.00","4,664.00","8.95K","0.21%"
"09/02/2024","4,700.00","4,916.00","4,916.00","4,674.00","8.61K","-5.01%"
"08/30/2024","4,948.00","4,875.00","5,180.00","4,868.00","15.41K","0.96%"
"08/29/2024","4,901.00","4,912.00","4,972.00","4,745.00","9.63K","-0.51%"
"08/28/2024","4,926.00","4,838.00","4,944.00","4,768.00","7.39K","1.65%"
"08/27/2024","4,846.00","4,750.00","4,952.00","4,730.00","11.05K","2.78%"
"08/23/2024","4,715.00","4,574.00","4,728.00","4,540.00","10.53K","3.08%"
"08/22/2024","4,574.00","4,619.00","4,650.00","4,536.00","7.51K","-1.25%"
"08/21/2024","4,632.00","4,594.00","4,658.00","4,527.00","13.79K","0.28%"
"08/20/2024","4,619.00","4,451.00","4,656.00","4,450.00","13.60K","3.19%"
"08/19/2024","4,476.00","4,442.00","4,535.00","4,415.00","11.71K","0.54%"
"08/16/2024","4,452.00","4,373.00","4,485.00","4,343.00","11.43K","1.69%"
"08/15/2024","4,378.00","4,286.00","4,389.00","4,256.00","8.28K","2.00%"
"08/14/2024","4,292.00","4,187.00","4,318.00","4,163.00","7.99K","2.51%"
"08/13/2024","4,187.00","4,310.00","4,320.00","4,159.00","11.84K","-3.95%"
"08/12/2024","4,359.00","4,350.00","4,449.00","4,251.00","10.32K","4.73%"
"08/09/2024","4,162.00","4,257.00","4,285.00","4,155.00","7.10K","-2.14%"
"08/08/2024","4,253.00","4,280.00","4,393.00","4,233.00","7.36K","-0.77%"
"08/07/2024","4,286.00","4,174.00","4,321.00","4,157.00","8.64K","2.29%"
"08/06/2024","4,190.00","4,050.00","4,234.00","4,047.00","9.90K","4.00%"
"08/05/2024","4,029.00","4,058.00","4,058.00","3,931.00","11.20K","-1.44%"
"08/02/2024","4,088.00","4,083.00","4,106.00","4,057.00","6.01K","0.12%"
"08/01/2024","4,083.00","4,102.00","4,132.00","4,018.00","8.16K","-0.80%"
"07/31/2024","4,116.00","4,125.00","4,161.00","4,073.00","7.11K","-0.05%"
"07/30/2024","4,118.00","4,120.00","4,160.00","4,053.00","6.43K","-0.10%"
"07/29/2024","4,122.00","4,135.00","4,166.00","4,108.00","5.69K","-0.67%"
"07/26/2024","4,150.00","4,219.00","4,219.00","4,145.00","3.10K","-5.57%"
"07/25/2024","4,395.00","4,327.00","4,400.00","4,301.00","7.11K","1.57%"
"07/24/2024","4,327.00","4,492.00","4,530.00","4,316.00","9.44K","-3.44%"
"07/23/2024","4,481.00","4,571.00","4,572.00","4,470.00","6.36K","-2.18%"
"07/22/2024","4,581.00","4,516.00","4,602.00","4,476.00","4.61K","1.13%"
"07/19/2024","4,530.00","4,487.00","4,536.00","4,380.00","5.44K","1.14%"
"07/18/2024","4,479.00","4,580.00","4,588.00","4,459.00","6.96K","-1.99%"
"07/17/2024","4,570.00","4,573.00","4,644.00","4,515.00","6.07K","-0.04%"
"07/16/2024","4,572.00","4,590.00","4,666.00","4,549.00","5.93K","-0.24%"
"07/15/2024","4,583.00","4,588.00","4,664.00","4,522.00","5.82K","-0.74%"
"07/12/2024","4,617.00","4,574.00","4,638.00","4,472.00","5.51K","0.90%"
"07/11/2024","4,576.00","4,528.00","4,681.00","4,466.00","6.97K","2.21%"
"07/10/2024","4,477.00","4,622.00","4,622.00","4,444.00","9.58K","-3.39%"
"07/09/2024","4,634.00","4,334.00","4,667.00","4,325.00","13.34K","6.58%"
"07/08/2024","4,348.00","4,189.00","4,390.00","4,188.00","8.61K","3.89%"
"07/05/2024","4,185.00","4,140.00","4,240.00","4,133.00","6.89K","0.77%"
"07/04/2024","4,153.00","4,066.00","4,183.00","4,063.00","5.03K","2.34%"
"07/03/2024","4,058.00","4,082.00","4,126.00","4,029.00","5.93K","-0.83%"
"07/02/2024","4,092.00","4,065.00","4,123.00","3,983.00","6.02K","0.61%"
"07/01/2024","4,067.00","4,021.00","4,083.00","3,946.00","7.88K","1.40%"
"06/28/2024","4,011.00","4,060.00","4,105.00","3,981.00","6.61K","-0.89%"
"06/27/2024","4,047.00","4,079.00","4,113.00","4,028.00","4.25K","-0.30%"
"06/26/2024","4,059.00","4,126.00","4,187.00","4,023.00","6.41K","-1.41%"
"06/25/2024","4,117.00","4,230.00","4,261.00","4,101.00","6.79K","-3.17%"
"06/24/2024","4,252.00","4,124.00","4,295.00","4,115.00","12.35K","3.61%"
"06/21/2024","4,104.00","4,146.00","4,208.00","4,085.00","7.20K","-1.72%"
"06/20/2024","4,176.00","4,047.00","4,230.00","4,041.00","9.64K","2.86%"
"06/19/2024","4,060.00","3,984.00","4,085.00","3,974.00","13.41K","1.65%"
"06/18/2024","3,994.00","4,055.00","4,065.00","3,965.00","8.58K","-1.55%"
"06/17/2024","4,057.00","4,000.00","4,069.00","3,989.00","8.58K","1.20%"
"06/14/2024","4,009.00","4,078.00","4,102.00","3,965.00","10.64K","-2.05%"
"06/13/2024","4,093.00","4,099.00","4,178.00","4,071.00","11.27K","0.17%"
"06/12/2024","4,086.00","4,027.00","4,090.00","4,011.00","10.32K","0.81%"
"06/11/2024","4,053.00","4,087.00","4,151.00","4,037.00","9.31K","-0.71%"
"06/10/2024","4,082.00","4,119.00","4,184.00","4,015.00","10.20K","-1.11%"
"06/07/2024","4,128.00","4,280.00","4,289.00","4,081.00","9.54K","-3.87%"
"06/06/2024","4,294.00","4,311.00","4,394.00","4,258.00","11.07K","-0.65%"
"06/05/2024","4,322.00","4,170.00","4,336.00","4,120.00","13.04K","3.17%"
"06/04/2024","4,189.00","4,100.00","4,197.00","4,051.00","9.63K","1.92%"
"06/03/2024","4,110.00","3,987.00","4,157.00","3,977.00","8.15K","3.09%"
"05/31/2024","3,987.00","4,129.00","4,219.00","3,940.00","8.96K","-3.49%"
"05/30/2024","4,131.00","4,015.00","4,221.00","3,947.00","7.15K","2.20%"
"05/29/2024","4,042.00","4,015.00","4,217.00","3,955.00","8.71K","0.42%"
"05/28/2024","4,025.00","3,812.00","4,042.00","3,768.00","7.03K","3.42%"
"05/24/2024","3,892.00","3,820.00","3,907.00","3,810.00","5.99K","1.91%"
"05/23/2024","3,819.00","3,926.00","3,994.00","3,741.00","12.89K","-2.50%"
"05/22/2024","3,917.00","3,736.00","3,928.00","3,736.00","14.63K","4.90%"
"05/21/2024","3,734.00","3,516.00","3,745.00","3,494.00","13.78K","6.72%"
"05/20/2024","3,499.00","3,510.00","3,524.00","3,469.00","6.69K","-0.54%"
"05/17/2024","3,518.00","3,420.00","3,524.00","3,410.00","8.02K","2.87%"
"05/16/2024","3,420.00","3,402.00","3,425.00","3,381.00","8.30K","0.53%"
"05/15/2024","3,402.00","3,443.00","3,459.00","3,369.00","6.95K","-0.90%"
"05/14/2024","3,433.00","3,380.00","3,441.00","3,356.00","7.28K","1.00%"
"05/13/2024","3,399.00","3,440.00","3,489.00","3,385.00","6.23K","-1.19%"
"05/10/2024","3,440.00","3,446.00","3,484.00","3,410.00","6.37K","0.03%"
"05/09/2024","3,439.00","3,420.00","3,499.00","3,419.00","8.49K","0.73%"
"05/08/2024","3,414.00","3,367.00","3,449.00","3,330.00","10.84K","1.07%"
"05/07/2024","3,378.00","3,440.00","3,440.00","3,261.00","21.62K","-4.60%"
"05/03/2024","3,541.00","3,675.00","3,680.00","3,534.00","13.10K","-3.78%"
"05/02/2024","3,680.00","3,977.00","3,999.00","3,620.00","25.74K","-7.49%"
"05/01/2024","3,978.00","4,008.00","4,058.00","3,955.00","10.05K","-1.07%"
"04/30/2024","4,021.00","4,164.00","4,168.00","4,003.00","10.88K","-3.43%"
"04/29/2024","4,164.00","4,151.00","4,239.00","4,137.00","9.40K","0.31%"
"04/26/2024","4,151.00","4,296.00","4,303.00","4,132.00","9.44K","-3.55%"
"04/25/2024","4,304.00","4,263.00","4,338.00","4,239.00","9.80K","0.89%"
"04/24/2024","4,266.00","4,121.00","4,305.00","4,094.00","14.63K","3.62%"
"04/23/2024","4,117.00","4,140.00","4,186.00","4,076.00","10.56K","-0.39%"
"04/22/2024","4,133.00","4,090.00","4,150.00","4,063.00","11.91K","1.30%"
"04/19/2024","4,080.00","4,067.00","4,202.00","4,061.00","12.73K","0.44%"
"04/18/2024","4,062.00","4,185.00","4,292.00","4,044.00","16.34K","-3.17%"
"04/17/2024","4,195.00","3,991.00","4,206.00","3,952.00","17.83K","5.48%"
"04/16/2024","3,977.00","3,976.00","4,036.00","3,958.00","11.48K","0.71%"
"04/15/2024","3,949.00","3,832.00","3,975.00","3,805.00","16.02K","2.52%"
"04/12/2024","3,852.00","3,780.00","3,903.00","3,780.00","15.53K","1.64%"
"04/11/2024","3,790.00","3,703.00","3,851.00","3,703.00","11.26K","2.02%"
"04/10/2024","3,715.00","3,670.00","3,732.00","3,664.00","10.12K","1.14%"
"04/09/2024","3,673.00","3,708.00","3,709.00","3,659.00","9.47K","-0.27%"
"04/08/2024","3,683.00","3,680.00","3,720.00","3,639.00","12.47K","0.11%"
"04/05/2024","3,679.00","3,690.00","3,715.00","3,670.00","18.08K","-0.51%"
"04/04/2024","3,698.00","3,751.00","3,769.00","3,663.00","16.45K","-0.78%"
"04/03/2024","3,727.00","3,573.00","3,752.00","3,552.00","17.68K","4.11%"
"04/02/2024","3,580.00","3,407.00","3,591.00","3,406.00","13.27K","5.42%"
"03/28/2024","3,396.00","3,455.00","3,485.00","3,387.00","7.82K","-2.05%"
"03/27/2024","3,467.00","3,375.00","3,489.00","3,375.00","7.21K","2.73%"
"03/26/2024","3,375.00","3,330.00","3,431.00","3,330.00","6.71K","1.47%"
"03/25/2024","3,326.00","3,257.00","3,329.00","3,257.00","3.19K","-0.95%"
"03/22/2024","3,358.00","3,389.00","3,428.00","3,355.00","7.20K","-0.80%"
"03/21/2024","3,385.00","3,337.00","3,393.00","3,327.00","7.54K","2.11%"
"03/20/2024","3,315.00","3,343.00","3,379.00","3,301.00","6.87K","-1.16%"
"03/19/2024","3,354.00","3,347.00","3,364.00","3,284.00","8.64K","0.33%"
"03/18/2024","3,343.00","3,305.00","3,378.00","3,301.00","7.08K","1.06%"
"03/15/2024","3,308.00","3,283.00","3,318.00","3,253.00","5.79K","0.95%"
"03/14/2024","3,277.00","3,259.00","3,325.00","3,251.00","6.87K","0.52%"
"03/13/2024","3,260.00","3,303.00","3,324.00","3,233.00","6.36K","-1.42%"
"03/12/2024","3,307.00","3,275.00","3,335.00","3,271.00","4.92K","0.85%"
"03/11/2024","3,279.00","3,296.00","3,316.00","3,268.00","5.63K","-0.55%"
"03/08/2024","3,297.00","3,360.00","3,373.00","3,256.00","9.99K","-2.48%"
"03/07/2024","3,381.00","3,303.00","3,460.00","3,288.00","16.01K","2.18%"
"03/06/2024","3,309.00","3,185.00","3,328.00","3,172.00","14.87K","4.06%"
"03/05/2024","3,180.00","3,190.00","3,217.00","3,163.00","9.48K","-0.28%"
"03/04/2024","3,189.00","3,132.00","3,238.00","3,122.00","13.39K","1.46%"
"03/01/2024","3,143.00","3,099.00","3,155.00","3,092.00","11.86K","1.55%"
"02/29/2024","3,095.00","3,048.00","3,110.00","3,035.00","7.58K","1.68%"
"02/28/2024","3,044.00","3,070.00","3,070.00","3,022.00","8.80K","-1.07%"
"02/27/2024","3,077.00","3,030.00","3,097.00","2,981.00","15.11K","1.89%"
"02/26/2024","3,020.00","3,025.00","3,075.00","3,011.00","9.30K","-0.33%"
"02/23/2024","3,030.00","3,115.00","3,115.00","3,012.00","16.52K","-2.67%"
"02/22/2024","3,113.00","3,172.00","3,174.00","3,103.00","11.86K","-2.01%"
"02/21/2024","3,177.00","3,140.00","3,180.00","3,140.00","12.03K","0.99%"
"02/20/2024","3,146.00","3,172.00","3,172.00","3,117.00","11.63K","-0.82%"
"02/19/2024","3,172.00","3,133.00","3,175.00","3,108.00","6.33K","0.99%"
"02/16/2024","3,141.00","3,114.00","3,163.00","3,104.00","12.47K","1.06%"
"02/15/2024","3,108.00","3,085.00","3,124.00","3,069.00","9.26K","0.58%"
"02/14/2024","3,090.00","3,153.00","3,165.00","3,085.00","14.80K","-2.31%"
"02/13/2024","3,163.00","3,192.00","3,210.00","3,157.00","9.29K","-0.91%"
"02/12/2024","3,192.00","3,200.00","3,241.00","3,168.00","12.99K","-0.78%"
"02/09/2024","3,217.00","3,119.00","3,223.00","3,119.00","12.39K","3.47%"
"02/08/2024","3,109.00","3,119.00","3,129.00","3,093.00","7.73K","-0.19%"
"02/07/2024","3,115.00","3,107.00","3,144.00","3,097.00","11.50K","0.61%"
"02/06/2024","3,096.00","3,070.00","3,115.00","3,070.00","14.14K","0.91%"
"02/05/2024","3,068.00","3,112.00","3,132.00","3,057.00","11.21K","-1.54%"
"02/02/2024","3,116.00","3,146.00","3,184.00","3,103.00","11.34K","-1.11%"
"02/01/2024","3,151.00","3,165.00","3,191.00","3,145.00","8.90K","-0.54%"
"01/31/2024","3,168.00","3,171.00","3,220.00","3,154.00","11.15K","-0.41%"
"01/30/2024","3,181.00","3,116.00","3,225.00","3,109.00","11.30K","1.89%"
"01/29/2024","3,122.00","3,105.00","3,167.00","3,086.00","9.55K","0.32%"
"01/26/2024","3,112.00","3,085.00","3,161.00","3,079.00","10.44K","-4.28%"
"01/25/2024","3,251.00","3,210.00","3,262.00","3,162.00","9.62K","1.37%"
"01/24/2024","3,207.00","3,192.00","3,254.00","3,173.00","7.04K","0.79%"
"01/23/2024","3,182.00","3,214.00","3,233.00","3,172.00","11.00K","-1.18%"
"01/22/2024","3,220.00","3,114.00","3,229.00","3,099.00","7.14K","2.94%"
"01/19/2024","3,128.00","3,080.00","3,142.00","3,067.00","7.43K","2.12%"
"01/18/2024","3,063.00","3,130.00","3,142.00","3,056.00","11.90K","-2.95%"
"01/17/2024","3,156.00","3,170.00","3,174.00","3,107.00","18.56K","-0.44%"
"01/16/2024","3,170.00","2,990.00","3,177.00","2,990.00","18.91K","6.13%"
"01/15/2024","2,987.00","2,939.00","2,998.00","2,939.00","4.44K","1.63%"
"01/12/2024","2,939.00","2,938.00","2,988.00","2,915.00","9.06K","0.03%"
"01/11/2024","2,938.00","2,940.00","2,992.00","2,928.00","8.85K","-0.41%"
"01/10/2024","2,950.00","2,923.00","2,995.00","2,881.00","11.91K","0.61%"
"01/09/2024","2,932.00","2,878.00","2,967.00","2,854.00","14.85K","1.63%"
"01/08/2024","2,885.00","2,788.00","2,898.00","2,781.00","11.22K","3.22%"
"01/05/2024","2,795.00","2,786.00","2,819.00","2,778.00","6.58K","0.32%"
"01/04/2024","2,786.00","2,763.00","2,798.00","2,755.00","7.23K","1.13%"
"01/03/2024","2,755.00","2,808.00","2,841.00","2,744.00","8.34K","-1.75%"
"01/02/2024","2,804.00","2,845.00","2,863.00","2,803.00","6.51K","-1.30%"
"12/29/2023","2,841.00","2,931.00","2,935.00","2,830.00","6.57K","-3.24%"
"12/28/2023","2,936.00","2,859.00","2,953.00","2,846.00","8.67K","2.34%"
"12/27/2023","2,869.00","2,855.00","2,885.00","2,829.00","11.35K","1.13%"
"12/22/2023","2,837.00","2,934.00","2,943.00","2,819.00","9.64K","-4.28%"
"12/21/2023","2,964.00","2,875.00","2,970.00","2,838.00","15.27K","3.28%"
"12/20/2023","2,870.00","2,930.00","2,935.00","2,840.00","19.83K","-2.11%"
"12/19/2023","2,932.00","2,800.00","2,952.00","2,773.00","15.62K","4.86%"
"12/18/2023","2,796.00","2,825.00","2,846.00","2,782.00","10.17K","-1.03%"
"12/15/2023","2,825.00","2,792.00","2,860.00","2,790.00","12.50K","1.00%"
"12/14/2023","2,797.00","2,769.00","2,800.00","2,728.00","11.76K","1.01%"
"12/13/2023","2,769.00","2,721.00","2,810.00","2,696.00","17.02K","1.65%"
"12/12/2023","2,724.00","2,613.00","2,733.00","2,611.00","17.16K","3.89%"
"12/11/2023","2,622.00","2,531.00","2,635.00","2,520.00","10.44K","3.80%"
"12/08/2023","2,526.00","2,544.00","2,554.00","2,520.00","8.04K","-0.59%"
"12/07/2023","2,541.00","2,532.00","2,568.00","2,516.00","11.61K","1.15%"
"12/06/2023","2,512.00","2,563.00","2,586.00","2,503.00","16.97K","-1.61%"
"12/05/2023","2,553.00","2,513.00","2,560.00","2,471.00","14.72K","1.59%"
"12/04/2023","2,513.00","2,525.00","2,525.00","2,465.00","18.83K","-0.59%"
"12/01/2023","2,528.00","2,543.00","2,563.00","2,499.00","16.25K","-0.71%"
"11/30/2023","2,546.00","2,475.00","2,550.00","2,469.00","12.20K","3.16%"
"11/29/2023","2,468.00","2,470.00","2,478.00","2,442.00","9.94K","-0.52%"
"11/28/2023","2,481.00","2,476.00","2,492.00","2,459.00","11.82K","0.12%"
"11/27/2023","2,478.00","2,462.00","2,490.00","2,446.00","8.32K","-2.63%"
"11/24/2023","2,545.00","2,494.00","2,558.00","2,480.00","8.85K","2.17%"
"11/23/2023","2,491.00","2,516.00","2,516.00","2,465.00","4.89K","-0.95%"
"11/22/2023","2,515.00","2,489.00","2,528.00","2,434.00","10.33K","1.33%"
"11/21/2023","2,482.00","2,510.00","2,520.00","2,457.00","8.22K","-0.92%"
"11/20/2023","2,505.00","2,516.00","2,554.00","2,471.00","7.60K","-0.63%"
"11/17/2023","2,521.00","2,555.00","2,582.00","2,498.00","9.23K","-1.75%"
"11/16/2023","2,566.00","2,540.00","2,594.00","2,538.00","14.28K","0.67%"
"11/15/2023","2,549.00","2,479.00","2,552.00","2,472.00","9.89K","3.03%"
"11/14/2023","2,474.00","2,495.00","2,521.00","2,459.00","10.67K","-1.16%"
"11/13/2023","2,503.00","2,409.00","2,507.00","2,394.00","11.78K","3.39%"
"11/10/2023","2,421.00","2,429.00","2,439.00","2,396.00","8.17K","-0.37%"
"11/09/2023","2,430.00","2,411.00","2,447.00","2,408.00","8.27K","1.00%"
"11/08/2023","2,406.00","2,368.00","2,412.00","2,358.00","7.68K","2.04%"
"11/07/2023","2,358.00","2,414.00","2,417.00","2,342.00","11.27K","-2.64%"
"11/06/2023","2,422.00","2,360.00","2,425.00","2,360.00","7.79K","2.11%"
"11/03/2023","2,372.00","2,333.00","2,374.00","2,321.00","8.49K","1.89%"
"11/02/2023","2,328.00","2,315.00","2,364.00","2,313.00","10.81K","0.69%"
"11/01/2023","2,312.00","2,370.00","2,370.00","2,296.00","11.02K","-2.28%"
"10/31/2023","2,366.00","2,315.00","2,378.00","2,305.00","12.23K","2.25%"
"10/30/2023","2,314.00","2,370.00","2,371.00","2,305.00","17.27K","-2.90%"
"10/27/2023","2,383.00","2,415.00","2,437.00","2,364.00","9.56K","-1.53%"
"10/26/2023","2,420.00","2,463.00","2,470.00","2,400.00","12.35K","-1.91%"
"10/25/2023","2,467.00","2,483.00","2,492.00","2,455.00","14.74K","-1.04%"
"10/24/2023","2,493.00","2,531.00","2,534.00","2,483.00","17.53K","-1.31%"
"10/23/2023","2,526.00","2,465.00","2,568.00","2,446.00","21.59K","1.90%"
"10/20/2023","2,479.00","2,394.00","2,520.00","2,386.00","29.86K","3.21%"
"10/19/2023","2,402.00","2,340.00","2,406.00","2,333.00","14.33K","2.87%"
"10/18/2023","2,335.00","2,330.00","2,345.00","2,313.00","10.29K","0.65%"
"10/17/2023","2,320.00","2,300.00","2,330.00","2,290.00","12.02K","1.05%"
"10/16/2023","2,296.00","2,275.00","2,303.00","2,263.00","9.45K","0.53%"
"10/13/2023","2,284.00","2,249.00","2,307.00","2,240.00","11.45K","1.29%"
"10/12/2023","2,255.00","2,239.00","2,263.00","2,231.00","8.53K","0.89%"
"10/11/2023","2,235.00","2,241.00","2,258.00","2,225.00","12.37K","-0.45%"
"10/10/2023","2,245.00","2,240.00","2,253.00","2,223.00","17.38K","0.09%"
"10/09/2023","2,243.00","2,276.00","2,276.00","2,240.00","15.49K","-1.62%"
"10/06/2023","2,280.00","2,299.00","2,301.00","2,255.00","15.24K","-0.96%"
"10/05/2023","2,302.00","2,307.00","2,334.00","2,293.00","12.81K","-0.56%"
"10/04/2023","2,315.00","2,326.00","2,331.00","2,299.00","14.46K","-0.73%"
"10/03/2023","2,332.00","2,369.00","2,375.00","2,325.00","10.13K","-1.77%"
"10/02/2023","2,374.00","2,361.00","2,392.00","2,361.00","5.35K","0.21%"
"09/29/2023","2,369.00","2,372.00","2,376.00","2,352.00","5.81K","-0.13%"
"09/28/2023","2,372.00","2,345.00","2,375.00","2,342.00","7.26K","1.11%"
"09/27/2023","2,346.00","2,350.00","2,360.00","2,335.00","5.22K","-0.26%"
"09/26/2023","2,352.00","2,345.00","2,370.00","2,344.00","4.79K","-3.72%"
"09/25/2023","2,443.00","2,461.00","2,488.00","2,441.00","5.62K","-0.73%"
"09/22/2023","2,461.00","2,465.00","2,496.00","2,439.00","9.42K","-0.12%"
"09/21/2023","2,464.00","2,508.00","2,515.00","2,455.00","8.62K","-1.75%"
"09/20/2023","2,508.00","2,546.00","2,554.00","2,499.00","9.12K","-1.26%"
"09/19/2023","2,540.00","2,572.00","2,610.00","2,535.00","12.18K","-1.01%"
"09/18/2023","2,566.00","2,555.00","2,610.00","2,551.00","13.50K","0.39%"
"09/15/2023","2,556.00","2,496.00","2,560.00","2,486.00","9.56K","2.44%"
"09/14/2023","2,495.00","2,479.00","2,508.00","2,451.00","9.01K","0.65%"
"09/13/2023","2,479.00","2,434.00","2,484.00","2,427.00","10.77K","2.02%"
"09/12/2023","2,430.00","2,436.00","2,436.00","2,386.00","7.67K","-0.37%"
"09/11/2023","2,439.00","2,405.00","2,457.00","2,400.00","8.85K","1.33%"
"09/08/2023","2,407.00","2,407.00","2,432.00","2,397.00","5.62K","0.00%"
"09/07/2023","2,407.00","2,455.00","2,465.00","2,401.00","7.54K","-2.00%"
"09/06/2023","2,456.00","2,450.00","2,474.00","2,434.00","6.97K","0.12%"
"09/05/2023","2,453.00","2,483.00","2,484.00","2,425.00","10.63K","-1.21%"
"09/04/2023","2,483.00","2,482.00","2,501.00","2,472.00","3.10K","0.04%"
"09/01/2023","2,482.00","2,489.00","2,515.00","2,475.00","7.28K","-0.28%"
"08/31/2023","2,489.00","2,500.00","2,529.00","2,481.00","14.68K","-0.28%"
"08/30/2023","2,496.00","2,456.00","2,504.00","2,456.00","11.01K","1.92%"
"08/29/2023","2,449.00","2,439.00","2,482.00","2,427.00","10.09K","0.49%"
"08/25/2023","2,437.00","2,408.00","2,445.00","2,392.00","8.86K","1.29%"
"08/24/2023","2,406.00","2,412.00","2,417.00","2,372.00","15.76K","0.17%"
"08/23/2023","2,402.00","2,387.00","2,419.00","2,376.00","11.07K","1.18%"
"08/22/2023","2,374.00","2,370.00","2,406.00","2,368.00","10.09K","0.34%"
"08/21/2023","2,366.00","2,371.00","2,399.00","2,354.00","9.72K","0.13%"
"08/18/2023","2,363.00","2,388.00","2,401.00","2,361.00","10.43K","-1.17%"
"08/17/2023","2,391.00","2,367.00","2,405.00","2,351.00","11.64K","0.55%"
"08/16/2023","2,378.00","2,427.00","2,437.00","2,369.00","14.40K","-2.26%"
"08/15/2023","2,433.00","2,435.00","2,446.00","2,419.00","10.48K","-0.08%"
"08/14/2023","2,435.00","2,512.00","2,538.00","2,434.00","15.45K","-3.26%"
"08/11/2023","2,517.00","2,526.00","2,537.00","2,501.00","11.66K","-0.67%"
"08/10/2023","2,534.00","2,540.00","2,576.00","2,532.00","11.38K","-0.35%"
"08/09/2023","2,543.00","2,564.00","2,570.00","2,529.00","9.53K","-0.63%"
"08/08/2023","2,559.00","2,553.00","2,562.00","2,532.00","9.45K","0.20%"
"08/07/2023","2,554.00","2,490.00","2,556.00","2,485.00","13.30K","2.65%"
"08/04/2023","2,488.00","2,512.00","2,534.00","2,482.00","11.34K","-1.11%"
"08/03/2023","2,516.00","2,531.00","2,546.00","2,510.00","13.53K","-0.63%"
"08/02/2023","2,532.00","2,495.00","2,539.00","2,488.00","9.00K","1.52%"
"08/01/2023","2,494.00","2,480.00","2,517.00","2,467.00","6.56K","0.73%"
"07/31/2023","2,476.00","2,441.00","2,491.00","2,422.00","6.51K","1.60%"
"07/28/2023","2,437.00","2,502.00","2,521.00","2,424.00","5.95K","-2.48%"
"07/27/2023","2,499.00","2,482.00","2,528.00","2,458.00","7.00K","0.77%"
"07/26/2023","2,480.00","2,463.00","2,493.00","2,444.00","4.30K","-5.63%"
"07/25/2023","2,628.00","2,656.00","2,656.00","2,617.00","5.28K","-0.79%"
"07/24/2023","2,649.00","2,594.00","2,659.00","2,575.00","6.75K","1.81%"
"07/21/2023","2,602.00","2,541.00","2,607.00","2,516.00","8.03K","2.60%"
"07/20/2023","2,536.00","2,604.00","2,628.00","2,531.00","8.82K","-2.61%"
"07/19/2023","2,604.00","2,533.00","2,610.00","2,533.00","8.50K","2.84%"
"07/18/2023","2,532.00","2,550.00","2,563.00","2,517.00","5.87K","-0.78%"
"07/17/2023","2,552.00","2,535.00","2,586.00","2,535.00","7.96K","0.47%"
"07/14/2023","2,540.00","2,527.00","2,549.00","2,518.00","5.48K","0.59%"
"07/13/2023","2,525.00","2,550.00","2,557.00","2,522.00","7.46K","-0.36%"
"07/12/2023","2,534.00","2,563.00","2,594.00","2,525.00","9.01K","-1.40%"
"07/11/2023","2,570.00","2,578.00","2,616.00","2,549.00","6.90K","-0.23%"
"07/10/2023","2,576.00","2,620.00","2,620.00","2,539.00","9.95K","-1.72%"
"07/07/2023","2,621.00","2,516.00","2,643.00","2,505.00","12.41K","4.42%"
"07/06/2023","2,510.00","2,510.00","2,540.00","2,499.00","7.31K","-0.08%"
"07/05/2023","2,512.00","2,537.00","2,556.00","2,504.00","6.03K","-0.59%"
"07/04/2023","2,527.00","2,550.00","2,550.00","2,511.00","2.64K","-0.43%"
"07/03/2023","2,538.00","2,500.00","2,565.00","2,490.00","10.96K","1.89%"
"06/30/2023","2,491.00","2,584.00","2,590.00","2,478.00","13.93K","-3.07%"
"06/29/2023","2,570.00","2,621.00","2,652.00","2,549.00","15.01K","-1.76%"
"06/28/2023","2,616.00","2,715.00","2,729.00","2,610.00","13.61K","-3.65%"
"06/27/2023","2,715.00","2,715.00","2,760.00","2,692.00","10.13K","0.18%"
"06/26/2023","2,710.00","2,692.00","2,730.00","2,670.00","17.38K","1.27%"
"06/23/2023","2,676.00","2,750.00","2,754.00","2,665.00","13.67K","-2.66%"
"06/22/2023","2,749.00","2,720.00","2,754.00","2,695.00","13.30K","0.84%"
"06/21/2023","2,726.00","2,774.00","2,780.00","2,683.00","16.45K","-1.59%"
"06/20/2023","2,770.00","2,776.00","2,792.00","2,742.00","13.70K","-0.47%"
"06/19/2023","2,783.00","2,754.00","2,790.00","2,740.00","4.00K","1.31%"
"06/16/2023","2,747.00","2,770.00","2,797.00","2,737.00","8.58K","-0.36%"
"06/15/2023","2,757.00","2,687.00","2,770.00","2,687.00","14.19K","2.34%"
"06/14/2023","2,694.00","2,689.00","2,709.00","2,673.00","7.41K","0.19%"
"06/13/2023","2,689.00","2,681.00","2,704.00","2,671.00","8.92K","0.30%"
"06/12/2023","2,681.00","2,693.00","2,742.00","2,674.00","11.99K","-0.78%"
"06/09/2023","2,702.00","2,730.00","2,790.00","2,653.00","15.83K","-0.88%"
"06/08/2023","2,726.00","2,640.00","2,734.00","2,636.00","15.51K","3.41%"
"06/07/2023","2,636.00","2,587.00","2,641.00","2,587.00","13.78K","2.05%"
"06/06/2023","2,583.00","2,580.00","2,602.00","2,559.00","13.98K","0.35%"
"06/05/2023","2,574.00","2,543.00","2,577.00","2,520.00","8.05K","1.26%"
"06/02/2023","2,542.00","2,571.00","2,584.00","2,535.00","9.09K","-0.97%"
"06/01/2023","2,567.00","2,525.00","2,580.00","2,525.00","8.43K","1.87%"
"05/31/2023","2,520.00","2,515.00","2,527.00","2,502.00","9.16K","0.00%"
"05/30/2023","2,520.00","2,528.00","2,549.00","2,513.00","6.15K","-0.32%"
"05/26/2023","2,528.00","2,513.00","2,546.00","2,513.00","4.78K","0.80%"
"05/25/2023","2,508.00","2,526.00","2,539.00","2,504.00","4.11K","-2.53%"
"05/24/2023","2,573.00","2,555.00","2,580.00","2,546.00","5.28K","0.63%"
"05/23/2023","2,557.00","2,631.00","2,675.00","2,546.00","9.88K","-2.74%"
"05/22/2023","2,629.00","2,587.00","2,641.00","2,566.00","8.21K","1.58%"
"05/19/2023","2,588.00","2,543.00","2,607.00","2,538.00","8.27K","1.89%"
"05/18/2023","2,540.00","2,570.00","2,588.00","2,526.00","8.90K","-1.63%"
"05/17/2023","2,582.00","2,510.00","2,588.00","2,504.00","11.05K","2.83%"
"05/16/2023","2,511.00","2,508.00","2,534.00","2,470.00","7.73K","0.92%"
"05/15/2023","2,488.00","2,426.00","2,506.00","2,420.00","6.68K","2.30%"
"05/12/2023","2,432.00","2,399.00","2,449.00","2,385.00","11.79K","1.63%"
"05/11/2023","2,393.00","2,480.00","2,500.00","2,386.00","10.99K","-3.55%"
"05/10/2023","2,481.00","2,470.00","2,487.00","2,456.00","4.20K","0.65%"
"05/09/2023","2,465.00","2,452.00","2,484.00","2,446.00","6.64K","-0.24%"
"05/05/2023","2,471.00","2,411.00","2,474.00","2,411.00","6.91K","2.45%"
"05/04/2023","2,412.00","2,425.00","2,438.00","2,405.00","4.60K","-0.50%"
"05/03/2023","2,424.00","2,421.00","2,455.00","2,404.00","6.20K","0.00%"
"05/02/2023","2,424.00","2,406.00","2,430.00","2,391.00","8.50K","0.62%"
"04/28/2023","2,409.00","2,417.00","2,420.00","2,384.00","6.62K","0.17%"
"04/27/2023","2,405.00","2,407.00","2,419.00","2,377.00","7.42K","-0.33%"
"04/26/2023","2,413.00","2,424.00","2,489.00","2,406.00","9.33K","-0.25%"
"04/25/2023","2,419.00","2,442.00","2,442.00","2,396.00","8.63K","-1.02%"
"04/24/2023","2,444.00","2,385.00","2,485.00","2,385.00","14.44K","2.60%"
"04/21/2023","2,382.00","2,361.00","2,384.00","2,358.00","6.92K","0.34%"
"04/20/2023","2,374.00","2,378.00","2,392.00","2,360.00","8.22K","-0.50%"
"04/19/2023","2,386.00","2,374.00","2,395.00","2,361.00","13.15K","0.29%"
"04/18/2023","2,379.00","2,375.00","2,393.00","2,333.00","14.17K","0.38%"
"04/17/2023","2,370.00","2,353.00","2,373.00","2,331.00","9.67K","1.11%"
"04/14/2023","2,344.00","2,387.00","2,392.00","2,324.00","9.22K","-1.60%"
"04/13/2023","2,382.00","2,330.00","2,401.00","2,329.00","14.28K","2.14%"
"04/12/2023","2,332.00","2,315.00","2,335.00","2,296.00","8.99K","0.39%"
"04/11/2023","2,323.00","2,256.00","2,326.00","2,250.00","18.74K","2.97%"
"04/06/2023","2,256.00","2,260.00","2,277.00","2,241.00","10.32K","-0.79%"
"04/05/2023","2,274.00","2,214.00","2,278.00","2,214.00","10.07K","2.48%"
"04/04/2023","2,219.00","2,200.00","2,221.00","2,188.00","7.19K","1.09%"
"04/03/2023","2,195.00","2,175.00","2,198.00","2,175.00","6.36K","1.01%"
"03/31/2023","2,173.00","2,169.00","2,198.00","2,154.00","9.48K","0.09%"
"03/30/2023","2,171.00","2,139.00","2,174.00","2,139.00","6.13K","1.78%"
"03/29/2023","2,133.00","2,145.00","2,156.00","2,123.00","4.94K","-0.42%"
"03/28/2023","2,142.00","2,166.00","2,192.00","2,136.00","7.28K","-3.25%"
"03/27/2023","2,214.00","2,189.00","2,238.00","2,175.00","14.90K","1.14%"
"03/24/2023","2,189.00","2,130.00","2,195.00","2,121.00","9.99K","3.06%"
"03/23/2023","2,124.00","2,119.00","2,133.00","2,102.00","6.15K","0.57%"
"03/22/2023","2,112.00","2,126.00","2,145.00","2,105.00","5.75K","-0.85%"
"03/21/2023","2,130.00","2,099.00","2,141.00","2,093.00","10.10K","2.06%"
"03/20/2023","2,087.00","2,052.00","2,094.00","2,023.00","12.85K","1.11%"
"03/17/2023","2,064.00","2,102.00","2,109.00","2,060.00","8.07K","-1.90%"
"03/16/2023","2,104.00","2,070.00","2,114.00","2,057.00","9.66K","1.69%"
"03/15/2023","2,069.00","2,085.00","2,085.00","2,051.00","11.42K","-0.53%"
"03/14/2023","2,080.00","2,105.00","2,112.00","2,077.00","8.39K","-1.56%"
"03/13/2023","2,113.00","2,140.00","2,148.00","2,105.00","9.00K","-1.26%"
"03/10/2023","2,140.00","2,165.00","2,172.00","2,136.00","6.55K","-1.29%"
"03/09/2023","2,168.00","2,159.00","2,188.00","2,156.00","6.72K","0.42%"
"03/08/2023","2,159.00","2,152.00","2,161.00","2,138.00","5.99K","0.33%"
"03/07/2023","2,152.00","2,159.00","2,162.00","2,125.00","8.81K","-0.05%"
"03/06/2023","2,153.00","2,160.00","2,171.00","2,135.00","7.55K","-0.42%"
"03/03/2023","2,162.00","2,176.00","2,186.00","2,151.00","6.60K","-0.83%"
"03/02/2023","2,180.00","2,176.00","2,191.00","2,165.00","6.73K","0.14%"
"03/01/2023","2,177.00","2,135.00","2,190.00","2,119.00","11.96K","1.73%"
"02/28/2023","2,140.00","2,130.00","2,145.00","2,123.00","6.20K","0.33%"
"02/27/2023","2,133.00","2,143.00","2,145.00","2,113.00","8.24K","-0.84%"
"02/24/2023","2,151.00","2,153.00","2,174.00","2,134.00","7.42K","-0.46%"
"02/23/2023","2,161.00","2,199.00","2,203.00","2,154.00","9.76K","-2.00%"
"02/22/2023","2,205.00","2,134.00","2,208.00","2,133.00","19.38K","3.38%"
"02/21/2023","2,133.00","2,115.00","2,136.00","2,089.00","11.17K","0.76%"
"02/20/2023","2,117.00","2,090.00","2,124.00","2,088.00","9.40K","0.91%"
"02/17/2023","2,098.00","2,068.00","2,104.00","2,057.00","11.51K","1.25%"
"02/16/2023","2,072.00","2,050.00","2,077.00","2,049.00","6.18K","1.12%"
"02/15/2023","2,049.00","2,066.00","2,068.00","2,042.00","8.62K","-1.01%"
"02/14/2023","2,070.00","2,043.00","2,076.00","2,040.00","7.37K","1.27%"
"02/13/2023","2,044.00","2,036.00","2,052.00","2,021.00","6.27K","0.25%"
"02/10/2023","2,039.00","2,030.00","2,055.00","2,027.00","6.33K","0.34%"
"02/09/2023","2,032.00","2,057.00","2,059.00","2,017.00","8.69K","-1.22%"
"02/08/2023","2,057.00","2,073.00","2,082.00","2,051.00","8.67K","-0.87%"
"02/07/2023","2,075.00","2,041.00","2,078.00","2,040.00","8.66K","1.72%"
"02/06/2023","2,040.00","2,028.00","2,047.00","2,019.00","8.39K","0.49%"
"02/03/2023","2,030.00","2,038.00","2,044.00","2,023.00","8.36K","-0.68%"
"02/02/2023","2,044.00","2,044.00","2,080.00","2,035.00","10.94K","0.10%"
"02/01/2023","2,042.00","2,075.00","2,078.00","2,035.00","16.46K","-1.73%"
"01/31/2023","2,078.00","2,008.00","2,082.00","2,005.00","8.60K","3.38%"
"01/30/2023","2,010.00","2,006.00","2,014.00","1,995.00","11.07K","-0.30%"
"01/27/2023","2,016.00","1,962.00","2,020.00","1,957.00","9.32K","2.75%"
"01/26/2023","1,962.00","1,939.00","1,964.00","1,937.00","4.30K","-0.41%"
"01/25/2023","1,970.00","1,945.00","1,974.00","1,943.00","9.70K","1.39%"
"01/24/2023","1,943.00","1,939.00","1,954.00","1,936.00","8.53K","0.10%"
"01/23/2023","1,941.00","1,949.00","1,953.00","1,935.00","8.09K","-0.15%"
"01/20/2023","1,944.00","1,922.00","1,947.00","1,911.00","8.51K","1.36%"
"01/19/2023","1,918.00","1,904.00","1,925.00","1,903.00","9.90K","0.84%"
"01/18/2023","1,902.00","1,895.00","1,915.00","1,891.00","7.51K","0.37%"
"01/17/2023","1,895.00","1,907.00","1,918.00","1,891.00","7.82K","-0.63%"
"01/16/2023","1,907.00","1,912.00","1,919.00","1,900.00","5.92K","-0.47%"
"01/13/2023","1,916.00","1,878.00","1,920.00","1,871.00","16.62K","1.86%"
"01/12/2023","1,881.00","1,817.00","1,886.00","1,809.00","12.78K","3.87%"
"01/11/2023","1,811.00","1,836.00","1,855.00","1,788.00","12.28K","-1.58%"
"01/10/2023","1,840.00","1,855.00","1,862.00","1,831.00","5.17K","-1.08%"
"01/09/2023","1,860.00","1,829.00","1,874.00","1,825.00","6.93K","1.92%"
"01/06/2023","1,825.00","1,833.00","1,843.00","1,804.00","6.15K","-0.38%"
"01/05/2023","1,832.00","1,870.00","1,875.00","1,826.00","5.39K","-2.19%"
"01/04/2023","1,873.00","1,861.00","1,880.00","1,855.00","11.74K","1.13%"
"01/03/2023","1,852.00","1,809.00","1,857.00","1,787.00","10.80K","2.95%"
"12/30/2022","1,799.00","1,820.00","1,830.00","1,785.00","9.41K","-1.37%"
"12/29/2022","1,824.00","1,873.00","1,877.00","1,820.00","9.91K","-2.41%"
"12/28/2022","1,869.00","1,865.00","1,889.00","1,853.00","7.33K","-0.32%"
"12/23/2022","1,875.00","1,869.00","1,884.00","1,864.00","2.36K","-0.16%"
"12/22/2022","1,878.00","1,884.00","1,888.00","1,864.00","11.12K","-0.05%"
"12/21/2022","1,879.00","1,873.00","1,882.00","1,860.00","11.12K","0.59%"
"12/20/2022","1,868.00","1,856.00","1,873.00","1,851.00","8.74K","0.54%"
"12/19/2022","1,858.00","1,856.00","1,876.00","1,856.00","9.32K","-0.43%"
"12/16/2022","1,866.00","1,871.00","1,884.00","1,863.00","7.30K","-0.64%"
"12/15/2022","1,878.00","1,857.00","1,887.00","1,855.00","11.36K","0.05%"
"12/14/2022","1,877.00","1,870.00","1,885.00","1,864.00","7.50K","0.27%"
"12/13/2022","1,872.00","1,884.00","1,888.00","1,865.00","10.72K","-0.64%"
"12/12/2022","1,884.00","1,862.00","1,890.00","1,857.00","9.95K","1.07%"
"12/09/2022","1,864.00","1,881.00","1,884.00","1,856.00","9.83K","-0.64%"
"12/08/2022","1,876.00","1,868.00","1,886.00","1,862.00","7.19K","0.43%"
"12/07/2022","1,868.00","1,876.00","1,887.00","1,863.00","9.05K","-0.48%"
"12/06/2022","1,877.00","1,856.00","1,882.00","1,851.00","11.23K","1.13%"
"12/05/2022","1,856.00","1,840.00","1,864.00","1,840.00","5.39K","0.54%"
"12/02/2022","1,846.00","1,849.00","1,863.00","1,834.00","6.39K","-0.49%"
"12/01/2022","1,855.00","1,849.00","1,879.00","1,846.00","12.71K","0.32%"
"11/30/2022","1,849.00","1,836.00","1,850.00","1,831.00","7.57K","0.87%"
"11/29/2022","1,833.00","1,828.00","1,839.00","1,810.00","7.30K","0.38%"
"11/28/2022","1,826.00","1,821.00","1,832.00","1,810.00","4.33K","0.27%"
"11/25/2022","1,821.00","1,807.00","1,832.00","1,806.00","4.53K","-1.14%"
"11/24/2022","1,842.00","1,813.00","1,846.00","1,802.00","3.81K","1.54%"
"11/23/2022","1,814.00","1,840.00","1,858.00","1,797.00","9.48K","-1.09%"
"11/22/2022","1,834.00","1,817.00","1,839.00","1,816.00","7.30K","1.21%"
"11/21/2022","1,812.00","1,814.00","1,819.00","1,793.00","4.53K","0.06%"
"11/18/2022","1,811.00","1,816.00","1,837.00","1,804.00","6.77K","-0.39%"
"11/17/2022","1,818.00","1,780.00","1,828.00","1,769.00","10.17K","1.45%"
"11/16/2022","1,792.00","1,806.00","1,817.00","1,774.00","5.45K","-0.55%"
"11/15/2022","1,802.00","1,822.00","1,822.00","1,796.00","6.95K","-1.21%"
"11/14/2022","1,824.00","1,835.00","1,838.00","1,793.00","5.84K","-0.65%"
"11/11/2022","1,836.00","1,827.00","1,852.00","1,811.00","6.02K","0.49%"
"11/10/2022","1,827.00","1,818.00","1,831.00","1,788.00","10.79K","0.44%"
"11/09/2022","1,819.00","1,827.00","1,836.00","1,790.00","11.30K","-0.66%"
"11/08/2022","1,831.00","1,864.00","1,868.00","1,827.00","5.76K","-1.08%"
"11/07/2022","1,851.00","1,861.00","1,882.00","1,833.00","5.97K","-0.96%"
"11/04/2022","1,869.00","1,852.00","1,900.00","1,839.00","8.66K","1.47%"
"11/03/2022","1,842.00","1,876.00","1,883.00","1,814.00","13.15K","-2.13%"
"11/02/2022","1,882.00","1,847.00","1,887.00","1,831.00","12.82K","2.34%"
"11/01/2022","1,839.00","1,863.00","1,865.00","1,826.00","7.30K","-0.76%"
"10/31/2022","1,853.00","1,863.00","1,879.00","1,846.00","11.00K","0.22%"
"10/28/2022","1,849.00","1,879.00","1,883.00","1,833.00","11.46K","-1.54%"
"10/27/2022","1,878.00","1,879.00","1,909.00","1,875.00","10.48K","0.16%"
"10/26/2022","1,875.00","1,950.00","1,952.00","1,872.00","12.68K","-3.75%"
"10/25/2022","1,948.00","1,960.00","1,971.00","1,923.00","13.76K","-0.26%"
"10/24/2022","1,953.00","1,991.00","2,022.00","1,946.00","11.09K","-2.15%"
"10/21/2022","1,996.00","2,031.00","2,037.00","1,983.00","13.91K","-2.20%"
"10/20/2022","2,041.00","1,993.00","2,063.00","1,991.00","17.91K","2.05%"
"10/19/2022","2,000.00","2,030.00","2,034.00","1,967.00","17.02K","-1.67%"
"10/18/2022","2,034.00","2,045.00","2,059.00","2,031.00","9.92K","-0.54%"
"10/17/2022","2,045.00","2,055.00","2,062.00","2,035.00","11.67K","-0.29%"
"10/14/2022","2,051.00","2,097.00","2,103.00","2,049.00","13.55K","-2.19%"
"10/13/2022","2,097.00","2,136.00","2,146.00","2,090.00","10.85K","-2.06%"
"10/12/2022","2,141.00","2,162.00","2,167.00","2,137.00","5.62K","-0.88%"
"10/11/2022","2,160.00","2,154.00","2,176.00","2,142.00","6.22K","0.28%"
"10/10/2022","2,154.00","2,150.00","2,157.00","2,138.00","5.36K","0.00%"
"10/07/2022","2,154.00","2,141.00","2,159.00","2,135.00","7.65K","0.70%"
"10/06/2022","2,139.00","2,159.00","2,171.00","2,133.00","10.16K","-1.29%"
"10/05/2022","2,167.00","2,160.00","2,173.00","2,150.00","6.26K","0.18%"
"10/04/2022","2,163.00","2,170.00","2,179.00","2,155.00","4.05K","0.00%"
"10/03/2022","2,163.00","2,145.00","2,168.00","2,143.00","4.95K","0.79%"
"09/30/2022","2,146.00","2,168.00","2,171.00","2,143.00","4.33K","-1.33%"
"09/29/2022","2,175.00","2,202.00","2,202.00","2,167.00","3.86K","-1.05%"
"09/28/2022","2,198.00","2,174.00","2,205.00","2,158.00","3.93K","0.92%"
"09/27/2022","2,178.00","2,216.00","2,216.00","2,176.00","3.97K","-1.18%"
"09/26/2022","2,204.00","2,224.00","2,248.00","2,191.00","8.60K","-1.25%"
"09/23/2022","2,232.00","2,230.00","2,239.00","2,211.00","4.74K","-0.27%"
"09/22/2022","2,238.00","2,223.00","2,240.00","2,200.00","5.20K","0.54%"
"09/21/2022","2,226.00","2,242.00","2,247.00","2,199.00","4.90K","-0.45%"
"09/20/2022","2,236.00","2,225.00","2,257.00","2,214.00","6.40K","1.54%"
"09/16/2022","2,202.00","2,217.00","2,226.00","2,171.00","10.16K","-1.08%"
"09/15/2022","2,226.00","2,225.00","2,258.00","2,215.00","5.91K","-0.18%"
"09/14/2022","2,230.00","2,238.00","2,248.00","2,223.00","4.96K","-0.40%"
"09/13/2022","2,239.00","2,258.00","2,270.00","2,225.00","6.23K","-1.06%"
"09/12/2022","2,263.00","2,263.00","2,271.00","2,244.00","5.12K","-0.04%"
"09/09/2022","2,264.00","2,284.00","2,298.00","2,254.00","5.94K","-0.53%"
"09/08/2022","2,276.00","2,243.00","2,282.00","2,240.00","7.44K","1.70%"
"09/07/2022","2,238.00","2,270.00","2,284.00","2,216.00","6.93K","-1.06%"
"09/06/2022","2,262.00","2,212.00","2,269.00","2,210.00","8.48K","2.03%"
"09/05/2022","2,217.00","2,212.00","2,223.00","2,201.00","2.83K","-0.27%"
"09/02/2022","2,223.00","2,226.00","2,241.00","2,213.00","3.45K","-0.22%"
"09/01/2022","2,228.00","2,245.00","2,251.00","2,222.00","4.72K","-0.98%"
"08/31/2022","2,250.00","2,265.00","2,285.00","2,239.00","5.57K","-0.49%"
"08/30/2022","2,261.00","2,280.00","2,306.00","2,254.00","7.21K","-0.79%"
"08/26/2022","2,279.00","2,307.00","2,311.00","2,275.00","6.59K","-1.43%"
"08/25/2022","2,312.00","2,348.00","2,348.00","2,302.00","8.18K","-1.53%"
"08/24/2022","2,348.00","2,261.00","2,355.00","2,258.00","16.86K","3.99%"
"08/23/2022","2,258.00","2,243.00","2,260.00","2,236.00","7.44K","0.67%"
"08/22/2022","2,243.00","2,221.00","2,253.00","2,215.00","8.75K","0.76%"
"08/19/2022","2,226.00","2,218.00","2,242.00","2,218.00","6.73K","0.36%"
"08/18/2022","2,218.00","2,225.00","2,260.00","2,215.00","7.67K","-0.27%"
"08/17/2022","2,224.00","2,233.00","2,253.00","2,214.00","12.04K","-0.18%"
"08/16/2022","2,228.00","2,259.00","2,270.00","2,222.00","10.00K","-1.63%"
"08/15/2022","2,265.00","2,257.00","2,270.00","2,233.00","11.01K","0.18%"
"08/12/2022","2,261.00","2,222.00","2,264.00","2,212.00","11.21K","1.71%"
"08/11/2022","2,223.00","2,150.00","2,227.00","2,148.00","15.56K","3.44%"
"08/10/2022","2,149.00","2,100.00","2,158.00","2,098.00","10.01K","2.33%"
"08/09/2022","2,100.00","2,066.00","2,106.00","2,066.00","8.27K","1.25%"
"08/08/2022","2,074.00","2,040.00","2,097.00","2,031.00","8.91K","1.57%"
"08/05/2022","2,042.00","2,049.00","2,061.00","2,032.00","6.67K","0.05%"
"08/04/2022","2,041.00","2,020.00","2,046.00","2,011.00","5.70K","0.89%"
"08/03/2022","2,023.00","2,018.00","2,045.00","2,016.00","7.10K","0.15%"
"08/02/2022","2,020.00","2,028.00","2,031.00","2,006.00","6.24K","-0.39%"
"08/01/2022","2,028.00","2,030.00","2,050.00","2,009.00","4.71K","0.00%"
"07/29/2022","2,028.00","2,007.00","2,040.00","2,006.00","4.90K","0.70%"
"07/28/2022","2,014.00","2,007.00","2,026.00","1,992.00","5.88K","0.35%"
"07/27/2022","2,007.00","1,979.00","2,011.00","1,968.00","3.34K","1.67%"
"07/26/2022","1,974.00","1,983.00","1,990.00","1,962.00","2.95K","0.05%"
"07/25/2022","1,973.00","1,949.00","1,983.00","1,946.00","3.95K","0.56%"
"07/22/2022","1,962.00","1,976.00","1,980.00","1,948.00","5.15K","-1.26%"
"07/21/2022","1,987.00","1,996.00","1,999.00","1,980.00","3.86K","-0.55%"
"07/20/2022","1,998.00","1,985.00","2,007.00","1,985.00","4.61K","0.00%"
"07/19/2022","1,998.00","1,995.00","2,000.00","1,975.00","5.89K","0.30%"
"07/18/2022","1,992.00","1,930.00","2,005.00","1,926.00","9.74K","3.59%"
"07/15/2022","1,923.00","1,932.00","1,965.00","1,914.00","6.67K","-0.36%"
"07/14/2022","1,930.00","1,982.00","1,986.00","1,924.00","9.76K","-2.57%"
"07/13/2022","1,981.00","1,957.00","1,992.00","1,948.00","5.46K","1.38%"
"07/12/2022","1,954.00","1,978.00","1,979.00","1,944.00","6.96K","-0.61%"
"07/11/2022","1,966.00","1,984.00","1,987.00","1,955.00","5.15K","-0.76%"
"07/08/2022","1,981.00","1,938.00","1,992.00","1,937.00","7.08K","1.90%"
"07/07/2022","1,944.00","1,957.00","1,971.00","1,939.00","8.21K","-0.56%"
"07/06/2022","1,955.00","1,969.00","1,972.00","1,948.00","6.62K","-0.31%"
"07/05/2022","1,961.00","2,006.00","2,017.00","1,957.00","15.22K","-1.90%"
"07/04/2022","1,999.00","2,008.00","2,015.00","1,997.00","4.32K","-0.35%"
"07/01/2022","2,006.00","2,035.00","2,042.00","2,001.00","8.92K","-1.33%"
"06/30/2022","2,033.00","2,040.00","2,058.00","2,025.00","5.16K","-0.78%"
"06/29/2022","2,049.00","2,018.00","2,066.00","2,010.00","12.06K","1.59%"
"06/28/2022","2,017.00","2,049.00","2,053.00","2,016.00","7.80K","-1.13%"
"06/27/2022","2,040.00","2,053.00","2,055.00","2,034.00","5.68K","-0.20%"
"06/24/2022","2,044.00","2,077.00","2,082.00","2,039.00","10.97K","-2.01%"
"06/23/2022","2,086.00","2,114.00","2,116.00","2,074.00","9.34K","-1.28%"
"06/22/2022","2,113.00","2,095.00","2,121.00","2,085.00","10.91K","0.57%"
"06/21/2022","2,101.00","2,077.00","2,107.00","2,076.00","9.56K","1.16%"
"06/20/2022","2,077.00","2,080.00","2,086.00","2,059.00","3.68K","-0.10%"
"06/17/2022","2,079.00","2,110.00","2,118.00","2,071.00","9.87K","-1.19%"
"06/16/2022","2,104.00","2,048.00","2,112.00","2,042.00","8.77K","2.38%"
"06/15/2022","2,055.00","2,053.00","2,061.00","2,033.00","7.98K","0.10%"
"06/14/2022","2,053.00","2,062.00","2,077.00","2,046.00","10.51K","-0.10%"
"06/13/2022","2,055.00","2,083.00","2,086.00","2,032.00","13.22K","-1.91%"
"06/10/2022","2,095.00","2,100.00","2,118.00","2,082.00","6.89K","-0.62%"
"06/09/2022","2,108.00","2,108.00","2,121.00","2,077.00","9.98K","-0.43%"
"06/08/2022","2,117.00","2,121.00","2,127.00","2,105.00","6.94K","-0.19%"
"06/07/2022","2,121.00","2,136.00","2,153.00","2,113.00","10.00K","-0.89%"
"06/06/2022","2,140.00","2,121.00","2,155.00","2,120.00","11.45K","0.05%"
"06/01/2022","2,139.00","2,101.00","2,145.00","2,099.00","7.42K","1.37%"
"05/31/2022","2,110.00","2,099.00","2,117.00","2,065.00","5.90K","0.19%"
"05/30/2022","2,106.00","2,100.00","2,109.00","2,089.00","2.25K","0.48%"
"05/27/2022","2,096.00","2,109.00","2,110.00","2,089.00","3.74K","-0.62%"
"05/26/2022","2,109.00","2,087.00","2,113.00","2,087.00","5.06K","1.01%"
"05/25/2022","2,088.00","2,050.00","2,095.00","2,039.00","6.63K","2.20%"
"05/24/2022","2,043.00","2,037.00","2,055.00","2,026.00","4.89K","0.10%"
"05/23/2022","2,041.00","2,049.00","2,057.00","2,034.00","4.12K","-0.73%"
"05/20/2022","2,056.00","2,088.00","2,103.00","2,049.00","7.14K","-1.15%"
"05/19/2022","2,080.00","2,052.00","2,084.00","2,030.00","4.52K","0.82%"
"05/18/2022","2,063.00","2,109.00","2,109.00","2,036.00","5.80K","-1.95%"
"05/17/2022","2,104.00","2,095.00","2,118.00","2,083.00","7.05K","0.81%"
"05/16/2022","2,087.00","2,034.00","2,096.00","2,031.00","5.93K","2.30%"
"05/13/2022","2,040.00","2,052.00","2,067.00","2,020.00","5.49K","-0.87%"
"05/12/2022","2,058.00","2,060.00","2,075.00","2,041.00","4.38K","-0.96%"
"05/11/2022","2,078.00","2,005.00","2,093.00","2,005.00","7.38K","3.43%"
"05/10/2022","2,009.00","2,030.00","2,034.00","2,004.00","8.94K","-0.54%"
"05/09/2022","2,020.00","2,071.00","2,077.00","2,013.00","8.23K","-3.02%"
"05/06/2022","2,083.00","2,128.00","2,132.00","2,076.00","6.28K","-2.48%"
"05/05/2022","2,136.00","2,138.00","2,159.00","2,129.00","8.90K","-0.05%"
"05/04/2022","2,137.00","2,119.00","2,140.00","2,112.00","8.05K","1.04%"
"05/03/2022","2,115.00","2,089.00","2,127.00","2,086.00","7.77K","0.38%"
"04/29/2022","2,107.00","2,079.00","2,112.00","2,073.00","6.27K","0.86%"
"04/28/2022","2,089.00","2,037.00","2,093.00","2,018.00","6.72K","2.81%"
"04/27/2022","2,032.00","2,058.00","2,064.00","2,012.00","7.98K","-1.07%"
"04/26/2022","2,054.00","2,068.00","2,081.00","2,048.00","4.05K","-0.58%"
"04/25/2022","2,066.00","2,102.00","2,110.00","2,056.00","12.53K","-2.36%"
"04/22/2022","2,116.00","2,113.00","2,120.00","2,087.00","8.55K","0.09%"
"04/21/2022","2,114.00","2,090.00","2,129.00","2,069.00","9.45K","1.05%"
"04/20/2022","2,092.00","2,085.00","2,117.00","2,081.00","8.58K","0.19%"
"04/19/2022","2,088.00","2,095.00","2,097.00","2,058.00","8.72K","-0.52%"
"04/14/2022","2,099.00","2,095.00","2,111.00","2,078.00","7.63K","-0.29%"
"04/13/2022","2,105.00","2,111.00","2,116.00","2,095.00","6.48K","-0.28%"
"04/12/2022","2,111.00","2,118.00","2,135.00","2,093.00","10.35K","-0.28%"
"04/11/2022","2,117.00","2,086.00","2,120.00","2,081.00","7.42K","1.00%"
"04/08/2022","2,096.00","2,083.00","2,100.00","2,067.00","8.45K","1.45%"
"04/07/2022","2,066.00","2,096.00","2,107.00","2,063.00","11.01K","-1.15%"
"04/06/2022","2,090.00","2,106.00","2,120.00","2,071.00","7.15K","-0.95%"
"04/05/2022","2,110.00","2,136.00","2,142.00","2,103.00","6.60K","-0.57%"
"04/04/2022","2,122.00","2,118.00","2,138.00","2,098.00","7.75K","-0.38%"
"04/01/2022","2,130.00","2,154.00","2,168.00","2,114.00","9.40K","-1.02%"
"03/31/2022","2,152.00","2,141.00","2,155.00","2,129.00","5.26K","0.56%"
"03/30/2022","2,140.00","2,115.00","2,145.00","2,108.00","3.38K","1.18%"
"03/29/2022","2,115.00","2,110.00","2,131.00","2,110.00","5.68K","-0.42%"
"03/28/2022","2,124.00","2,128.00","2,143.00","2,104.00","3.77K","-1.12%"
"03/25/2022","2,148.00","2,128.00","2,150.00","2,121.00","2.96K","0.56%"
"03/24/2022","2,136.00","2,147.00","2,154.00","2,113.00","3.66K","-0.14%"
"03/23/2022","2,139.00","2,164.00","2,180.00","2,110.00","7.01K","-1.43%"
"03/22/2022","2,170.00","2,173.00","2,185.00","2,161.00","4.83K","-0.23%"
"03/21/2022","2,175.00","2,166.00","2,178.00","2,144.00","5.44K","0.37%"
"03/18/2022","2,167.00","2,142.00","2,175.00","2,127.00","4.23K","1.31%"
"03/17/2022","2,139.00","2,150.00","2,161.00","2,123.00","4.67K","-0.42%"
"03/16/2022","2,148.00","2,076.00","2,161.00","2,075.00","8.18K","3.22%"
"03/15/2022","2,081.00","2,099.00","2,114.00","2,063.00","5.41K","-1.61%"
"03/14/2022","2,115.00","2,103.00","2,126.00","2,084.00","5.27K","0.95%"
"03/11/2022","2,095.00","2,092.00","2,108.00","2,081.00","3.97K","0.10%"
"03/10/2022","2,093.00","2,104.00","2,107.00","2,070.00","5.31K","-1.13%"
"03/09/2022","2,117.00","2,102.00","2,120.00","2,083.00","8.92K","1.10%"
"03/08/2022","2,094.00","2,042.00","2,099.00","2,023.00","7.27K","2.90%"
"03/07/2022","2,035.00","2,058.00","2,065.00","2,019.00","5.25K","-0.15%"
"03/04/2022","2,038.00","2,018.00","2,046.00","2,012.00","7.00K","1.24%"
"03/03/2022","2,013.00","2,037.00","2,050.00","2,010.00","6.94K","-0.84%"
"03/02/2022","2,030.00","2,104.00","2,105.00","2,026.00","10.03K","-2.59%"
"03/01/2022","2,084.00","2,094.00","2,132.00","2,078.00","12.90K","-0.29%"
"02/28/2022","2,090.00","2,166.00","2,172.00","2,081.00","14.73K","-4.04%"
"02/25/2022","2,178.00","2,182.00","2,194.00","2,163.00","7.94K","-0.05%"
"02/24/2022","2,179.00","2,231.00","2,237.00","2,177.00","11.05K","-2.46%"
"02/23/2022","2,234.00","2,240.00","2,263.00","2,224.00","5.20K","-1.15%"
"02/22/2022","2,260.00","2,235.00","2,264.00","2,206.00","9.87K","1.16%"
"02/21/2022","2,234.00","2,251.00","2,257.00","2,232.00","5.95K","-0.93%"
"02/18/2022","2,255.00","2,268.00","2,270.00","2,246.00","7.64K","-0.84%"
"02/17/2022","2,274.00","2,274.00","2,276.00","2,266.00","6.37K","0.00%"
"02/16/2022","2,274.00","2,265.00","2,281.00","2,257.00","6.87K","0.40%"
"02/15/2022","2,265.00","2,251.00","2,270.00","2,247.00","8.41K","0.98%"
"02/14/2022","2,243.00","2,260.00","2,276.00","2,231.00","7.50K","-1.19%"
"02/11/2022","2,270.00","2,260.00","2,286.00","2,252.00","9.42K","0.31%"
"02/10/2022","2,263.00","2,259.00","2,268.00","2,224.00","10.61K","0.18%"
"02/09/2022","2,259.00","2,228.00","2,268.00","2,220.00","14.41K","1.12%"
"02/08/2022","2,234.00","2,218.00","2,242.00","2,215.00","8.21K","0.72%"
"02/07/2022","2,218.00","2,221.00","2,225.00","2,200.00","3.77K","0.23%"
"02/04/2022","2,213.00","2,225.00","2,230.00","2,203.00","4.30K","-0.32%"
"02/03/2022","2,220.00","2,199.00","2,224.00","2,196.00","9.72K","1.00%"
"02/02/2022","2,198.00","2,184.00","2,200.00","2,177.00","7.64K","1.01%"
"02/01/2022","2,176.00","2,172.00","2,200.00","2,172.00","5.61K","0.18%"
"01/31/2022","2,172.00","2,175.00","2,182.00","2,160.00","5.73K","-0.55%"
"01/28/2022","2,184.00","2,177.00","2,189.00","2,159.00","7.65K","0.46%"
"01/27/2022","2,174.00","2,180.00","2,188.00","2,167.00","6.63K","-0.78%"
"01/26/2022","2,191.00","2,208.00","2,215.00","2,183.00","8.99K","-2.06%"
"01/25/2022","2,237.00","2,203.00","2,251.00","2,201.00","7.59K","1.82%"
"01/24/2022","2,197.00","2,208.00","2,213.00","2,186.00","6.61K","-0.72%"
"01/21/2022","2,213.00","2,220.00","2,221.00","2,191.00","5.52K","-0.63%"
"01/20/2022","2,227.00","2,225.00","2,229.00","2,199.00","5.90K","0.09%"
"01/19/2022","2,225.00","2,205.00","2,227.00","2,196.00","7.15K","1.37%"
"01/18/2022","2,195.00","2,217.00","2,225.00","2,184.00","6.38K","-1.04%"
"01/17/2022","2,218.00","2,221.00","2,236.00","2,210.00","2.63K","-0.45%"
"01/14/2022","2,228.00","2,237.00","2,245.00","2,201.00","6.80K","-0.40%"
"01/13/2022","2,237.00","2,276.00","2,277.00","2,231.00","9.27K","-1.97%"
"01/12/2022","2,282.00","2,270.00","2,298.00","2,270.00","6.81K","0.62%"
"01/11/2022","2,268.00","2,264.00","2,284.00","2,251.00","6.27K","0.35%"
"01/10/2022","2,260.00","2,312.00","2,315.00","2,240.00","9.56K","-2.42%"
"01/07/2022","2,316.00","2,307.00","2,345.00","2,306.00","6.47K","0.39%"
"01/06/2022","2,307.00","2,311.00","2,319.00","2,295.00","4.44K","-0.60%"
"01/05/2022","2,321.00","2,352.00","2,355.00","2,313.00","5.54K","-1.19%"
"01/04/2022","2,349.00","2,357.00","2,369.00","2,313.00","7.71K","-0.89%"
"12/31/2021","2,370.00","2,373.00","2,381.00","2,359.00","2.03K","-0.13%"
"12/30/2021","2,373.00","2,364.00","2,384.00","2,358.00","4.83K","0.38%"
"12/29/2021","2,364.00","2,340.00","2,370.00","2,328.00","4.42K","0.90%"
"12/28/2021","2,343.00","2,346.00","2,358.00","2,325.00","5.74K","-0.42%"
"12/23/2021","2,353.00","2,340.00","2,381.00","2,337.00","9.47K","0.60%"
"12/22/2021","2,339.00","2,325.00","2,342.00","2,317.00","6.64K","0.95%"
"12/21/2021","2,317.00","2,315.00","2,331.00","2,309.00","7.20K","0.39%"
"12/20/2021","2,308.00","2,326.00","2,332.00","2,282.00","10.30K","-1.07%"
"12/17/2021","2,333.00","2,298.00","2,343.00","2,295.00","11.84K","1.48%"
"12/16/2021","2,299.00","2,301.00","2,311.00","2,291.00","5.96K","-0.17%"
"12/15/2021","2,303.00","2,291.00","2,315.00","2,290.00","8.33K","0.26%"
"12/14/2021","2,297.00","2,280.00","2,302.00","2,263.00","4.91K","0.44%"
"12/13/2021","2,287.00","2,289.00","2,308.00","2,274.00","5.10K","-0.17%"
"12/10/2021","2,291.00","2,302.00","2,308.00","2,268.00","6.80K","-0.65%"
"12/09/2021","2,306.00","2,310.00","2,325.00","2,283.00","9.39K","0.48%"
"12/08/2021","2,295.00","2,285.00","2,308.00","2,276.00","5.62K","0.97%"
"12/07/2021","2,273.00","2,315.00","2,334.00","2,262.00","9.27K","-1.81%"
"12/06/2021","2,315.00","2,295.00","2,332.00","2,277.00","9.35K","0.74%"
"12/03/2021","2,298.00","2,268.00","2,324.00","2,251.00","9.84K","1.46%"
"12/02/2021","2,265.00","2,250.00","2,269.00","2,242.00","5.63K","0.53%"
"12/01/2021","2,253.00","2,210.00","2,254.00","2,203.00","6.61K","2.41%"
"11/30/2021","2,200.00","2,187.00","2,231.00","2,187.00","5.47K","0.14%"
"11/29/2021","2,197.00","2,236.00","2,248.00","2,187.00","6.01K","-1.79%"
"11/26/2021","2,237.00","2,216.00","2,244.00","2,214.00","3.34K","0.40%"
"11/25/2021","2,228.00","2,232.00","2,233.00","2,210.00","1.07K","-2.32%"
"11/24/2021","2,281.00","2,305.00","2,312.00","2,276.00","4.48K","-0.70%"
"11/23/2021","2,297.00","2,256.00","2,327.00","2,252.00","6.99K","2.04%"
"11/22/2021","2,251.00","2,246.00","2,257.00","2,223.00","3.98K","0.27%"
"11/19/2021","2,245.00","2,213.00","2,268.00","2,213.00","6.05K","1.49%"
"11/18/2021","2,212.00","2,256.00","2,270.00","2,184.00","7.62K","-1.95%"
"11/17/2021","2,256.00","2,248.00","2,294.00","2,244.00","6.39K","0.85%"
"11/16/2021","2,237.00","2,270.00","2,275.00","2,232.00","5.76K","-1.19%"
"11/15/2021","2,264.00","2,272.00","2,303.00","2,262.00","4.68K","-0.57%"
"11/12/2021","2,277.00","2,292.00","2,313.00","2,260.00","6.44K","-0.65%"
"11/11/2021","2,292.00","2,225.00","2,300.00","2,216.00","7.07K","3.48%"
"11/10/2021","2,215.00","2,230.00","2,241.00","2,207.00","4.86K","-0.49%"
"11/09/2021","2,226.00","2,175.00","2,239.00","2,164.00","6.24K","2.77%"
"11/08/2021","2,166.00","2,181.00","2,200.00","2,159.00","4.65K","-0.69%"
"11/05/2021","2,181.00","2,201.00","2,220.00","2,172.00","5.73K","-1.04%"
"11/04/2021","2,204.00","2,241.00","2,243.00","2,195.00","4.55K","-1.25%"
"11/03/2021","2,232.00","2,227.00","2,257.00","2,207.00","3.61K","-0.09%"
"11/02/2021","2,234.00","2,269.00","2,271.00","2,220.00","4.67K","-1.54%"
"11/01/2021","2,269.00","2,210.00","2,275.00","2,204.00","5.94K","2.48%"
"10/29/2021","2,214.00","2,171.00","2,218.00","2,169.00","3.81K","1.70%"
"10/28/2021","2,177.00","2,193.00","2,221.00","2,171.00","5.94K","-0.91%"
"10/27/2021","2,197.00","2,269.00","2,277.00","2,194.00","7.45K","-3.22%"
"10/26/2021","2,270.00","2,209.00","2,278.00","2,188.00","9.86K","3.42%"
"10/25/2021","2,195.00","2,140.00","2,220.00","2,131.00","12.72K","2.52%"
"10/22/2021","2,141.00","2,137.00","2,172.00","2,135.00","9.14K","0.28%"
"10/21/2021","2,135.00","2,141.00","2,149.00","2,128.00","10.91K","0.19%"
"10/20/2021","2,131.00","2,121.00","2,135.00","2,109.00","7.72K","0.52%"
"10/19/2021","2,120.00","2,113.00","2,125.00","2,091.00","5.27K","0.24%"
"10/18/2021","2,115.00","2,111.00","2,142.00","2,109.00","7.86K","-0.28%"
"10/15/2021","2,121.00","2,148.00","2,162.00","2,114.00","7.36K","-1.12%"
"10/14/2021","2,145.00","2,143.00","2,165.00","2,127.00","8.28K","0.09%"
"10/13/2021","2,143.00","2,151.00","2,161.00","2,123.00","9.02K","-0.37%"
"10/12/2021","2,151.00","2,097.00","2,158.00","2,087.00","10.12K","2.23%"
"10/11/2021","2,104.00","2,106.00","2,113.00","2,075.00","9.55K","-0.57%"
"10/08/2021","2,116.00","2,118.00","2,125.00","2,107.00","4.66K","0.00%"
"10/07/2021","2,116.00","2,120.00","2,144.00","2,108.00","8.94K","0.00%"
"10/06/2021","2,116.00","2,107.00","2,130.00","2,107.00","3.28K","0.33%"
"10/05/2021","2,109.00","2,136.00","2,147.00","2,100.00","6.18K","-1.45%"
"10/04/2021","2,140.00","2,150.00","2,161.00","2,137.00","4.10K","-0.97%"
"10/01/2021","2,161.00","2,115.00","2,171.00","2,107.00","4.75K","1.98%"
"09/30/2021","2,119.00","2,110.00","2,132.00","2,097.00","3.75K","0.43%"
"09/29/2021","2,110.00","2,145.00","2,150.00","2,101.00","5.21K","-1.63%"
"09/28/2021","2,145.00","2,116.00","2,151.00","2,107.00","3.39K","1.42%"
"09/27/2021","2,115.00","2,134.00","2,134.00","2,110.00","3.08K","-1.54%"
"09/24/2021","2,148.00","2,155.00","2,176.00","2,132.00","3.66K","0.09%"
"09/23/2021","2,146.00","2,135.00","2,152.00","2,121.00","4.12K","0.19%"
"09/22/2021","2,142.00","2,154.00","2,180.00","2,132.00","4.41K","-0.83%"
"09/21/2021","2,160.00","2,158.00","2,168.00","2,140.00","3.65K","0.37%"
"09/20/2021","2,152.00","2,149.00","2,178.00","2,127.00","5.25K","0.05%"
"09/17/2021","2,151.00","2,109.00","2,154.00","2,103.00","5.63K","2.09%"
"09/16/2021","2,107.00","2,087.00","2,111.00","2,066.00","4.69K","1.20%"
"09/15/2021","2,082.00","2,067.00","2,085.00","2,065.00","3.82K","0.92%"
"09/14/2021","2,063.00","2,052.00","2,072.00","2,032.00","4.08K","0.29%"
"09/13/2021","2,057.00","2,040.00","2,065.00","2,024.00","5.06K","0.44%"
"09/10/2021","2,048.00","2,042.00","2,070.00","2,038.00","4.59K","-0.10%"
"09/09/2021","2,050.00","2,070.00","2,097.00","2,025.00","7.50K","-1.35%"
"09/08/2021","2,078.00","2,099.00","2,130.00","2,065.00","6.52K","-1.14%"
"09/07/2021","2,102.00","2,087.00","2,123.00","2,087.00","4.49K","0.96%"
"09/06/2021","2,082.00","2,060.00","2,094.00","2,052.00","3.12K","1.12%"
"09/03/2021","2,059.00","2,056.00","2,079.00","2,046.00","5.16K","0.15%"
"09/02/2021","2,056.00","2,063.00","2,066.00","2,034.00","5.14K","-0.48%"
"09/01/2021","2,066.00","2,027.00","2,092.00","2,027.00","8.52K","1.97%"
"08/31/2021","2,026.00","2,060.00","2,070.00","2,011.00","6.61K","0.40%"
"08/27/2021","2,018.00","1,995.00","2,045.00","1,987.00","9.42K","1.20%"
"08/26/2021","1,994.00","1,969.00","1,996.00","1,948.00","6.79K","1.06%"
"08/25/2021","1,973.00","1,971.00","1,985.00","1,963.00","7.20K","0.10%"
"08/24/2021","1,971.00","1,917.00","1,976.00","1,912.00","14.55K","3.09%"
"08/23/2021","1,912.00","1,880.00","1,922.00","1,877.00","9.15K","1.59%"
"08/20/2021","1,882.00","1,867.00","1,891.00","1,857.00","8.81K","1.02%"
"08/19/2021","1,863.00","1,870.00","1,875.00","1,851.00","10.95K","-0.75%"
"08/18/2021","1,877.00","1,845.00","1,893.00","1,838.00","13.07K","1.73%"
"08/17/2021","1,845.00","1,858.00","1,862.00","1,838.00","6.66K","-0.43%"
"08/16/2021","1,853.00","1,834.00","1,867.00","1,830.00","5.44K","0.93%"
"08/13/2021","1,836.00","1,845.00","1,861.00","1,827.00","8.41K","-0.97%"
"08/12/2021","1,854.00","1,859.00","1,868.00","1,845.00","6.82K","-0.54%"
"08/11/2021","1,864.00","1,858.00","1,877.00","1,844.00","8.15K","0.05%"
"08/10/2021","1,863.00","1,790.00","1,868.00","1,781.00","10.97K","3.67%"
"08/09/2021","1,797.00","1,750.00","1,808.00","1,747.00","8.16K","2.45%"
"08/06/2021","1,754.00","1,782.00","1,790.00","1,746.00","10.77K","-1.57%"
"08/05/2021","1,782.00","1,792.00","1,794.00","1,763.00","5.43K","-0.28%"
"08/04/2021","1,787.00","1,787.00","1,805.00","1,783.00","6.67K","0.00%"
"08/03/2021","1,787.00","1,767.00","1,814.00","1,758.00","5.90K","1.19%"
"08/02/2021","1,766.00","1,810.00","1,819.00","1,741.00","8.60K","-1.94%"
"07/30/2021","1,801.00","1,920.00","1,930.00","1,769.00","10.79K","-5.21%"
"07/29/2021","1,900.00","1,940.00","1,952.00","1,880.00","5.86K","-2.21%"
"07/28/2021","1,943.00","1,980.00","1,980.00","1,926.00","3.91K","0.15%"
"07/27/2021","1,940.00","1,975.00","1,982.00","1,915.00","6.86K","-1.22%"
"07/26/2021","1,964.00","1,940.00","1,973.00","1,918.00","10.25K","3.42%"
"07/23/2021","1,899.00","1,911.00","1,993.00","1,862.00","14.27K","0.53%"
"07/22/2021","1,889.00","1,786.00","1,898.00","1,786.00","13.14K","6.18%"
"07/21/2021","1,779.00","1,765.00","1,783.00","1,741.00","7.09K","1.02%"
"07/20/2021","1,761.00","1,756.00","1,793.00","1,752.00","9.18K","1.67%"
"07/19/2021","1,732.00","1,770.00","1,770.00","1,729.00","7.87K","-1.98%"
"07/16/2021","1,767.00","1,755.00","1,777.00","1,751.00","5.17K","0.63%"
"07/15/2021","1,756.00","1,760.00","1,768.00","1,742.00","7.22K","-0.34%"
"07/14/2021","1,762.00","1,730.00","1,764.00","1,722.00","7.10K","2.62%"
"07/13/2021","1,717.00","1,744.00","1,744.00","1,705.00","8.33K","-1.55%"
"07/12/2021","1,744.00","1,740.00","1,772.00","1,740.00","7.18K","0.00%"
"07/09/2021","1,744.00","1,704.00","1,753.00","1,702.00","7.61K","2.17%"
"07/08/2021","1,707.00","1,705.00","1,719.00","1,695.00","6.68K","0.29%"
"07/07/2021","1,702.00","1,682.00","1,715.00","1,681.00","6.47K","1.37%"
"07/06/2021","1,679.00","1,694.00","1,723.00","1,676.00","7.76K","-0.47%"
"07/05/2021","1,687.00","1,710.00","1,719.00","1,671.00","4.54K","-1.17%"
"07/02/2021","1,707.00","1,705.00","1,737.00","1,689.00","10.66K","0.35%"
"07/01/2021","1,701.00","1,725.00","1,728.00","1,688.00","10.60K","-0.23%"
"06/30/2021","1,705.00","1,685.00","1,715.00","1,655.00","9.87K","1.79%"
"06/29/2021","1,675.00","1,714.00","1,720.00","1,669.00","7.66K","-2.10%"
"06/28/2021","1,711.00","1,683.00","1,717.00","1,673.00","9.12K","1.91%"
"06/25/2021","1,679.00","1,649.00","1,682.00","1,646.00","10.80K","1.76%"
"06/24/2021","1,650.00","1,623.00","1,653.00","1,610.00","11.83K","1.66%"
"06/23/2021","1,623.00","1,598.00","1,629.00","1,596.00","11.12K","1.63%"
"06/22/2021","1,597.00","1,618.00","1,626.00","1,585.00","10.40K","-1.24%"
"06/21/2021","1,617.00","1,611.00","1,622.00","1,590.00","10.26K","0.06%"
"06/18/2021","1,616.00","1,597.00","1,622.00","1,592.00","13.85K","1.13%"
"06/17/2021","1,598.00","1,610.00","1,624.00","1,594.00","10.20K","-1.90%"
"06/16/2021","1,629.00","1,604.00","1,632.00","1,592.00","10.43K","1.81%"
"06/15/2021","1,600.00","1,600.00","1,605.00","1,585.00","6.36K","0.25%"
"06/14/2021","1,596.00","1,617.00","1,621.00","1,581.00","8.94K","-1.42%"
"06/11/2021","1,619.00","1,611.00","1,630.00","1,606.00","7.36K","0.50%"
"06/10/2021","1,611.00","1,606.00","1,620.00","1,597.00","6.79K","0.19%"
"06/09/2021","1,608.00","1,625.00","1,646.00","1,598.00","12.43K","-0.80%"
"06/08/2021","1,621.00","1,649.00","1,693.00","1,614.00","14.40K","-1.82%"
"06/07/2021","1,651.00","1,638.00","1,662.00","1,632.00","13.11K","0.79%"
"06/04/2021","1,638.00","1,615.00","1,647.00","1,590.00","11.87K","1.36%"
"06/03/2021","1,616.00","1,623.00","1,638.00","1,606.00","6.13K","-0.68%"
"06/02/2021","1,627.00","1,621.00","1,641.00","1,609.00","7.50K","0.74%"
"06/01/2021","1,615.00","1,597.00","1,642.00","1,585.00","10.28K","0.62%"
"05/28/2021","1,605.00","1,541.00","1,623.00","1,540.00","9.02K","4.36%"
"05/27/2021","1,538.00","1,528.00","1,545.00","1,522.00","5.34K","0.79%"
"05/26/2021","1,526.00","1,515.00","1,532.00","1,503.00","3.54K","0.93%"
"05/25/2021","1,512.00","1,510.00","1,527.00","1,501.00","2.71K","2.30%"
"05/24/2021","1,478.00","1,476.00","1,490.00","1,464.00","4.05K","0.00%"
"05/21/2021","1,478.00","1,491.00","1,496.00","1,474.00","3.93K","-0.81%"
"05/20/2021","1,490.00","1,504.00","1,517.00","1,486.00","5.17K","-0.80%"
"05/19/2021","1,502.00","1,513.00","1,519.00","1,490.00","4.39K","-0.86%"
"05/18/2021","1,515.00","1,469.00","1,518.00","1,469.00","8.20K","3.84%"
"05/17/2021","1,459.00","1,459.00","1,477.00","1,449.00","8.85K","-0.07%"
"05/14/2021","1,460.00","1,495.00","1,495.00","1,456.00","8.87K","-2.34%"
"05/13/2021","1,495.00","1,515.00","1,516.00","1,483.00","8.93K","-1.25%"
"05/12/2021","1,514.00","1,534.00","1,534.00","1,513.00","5.62K","-1.17%"
"05/11/2021","1,532.00","1,520.00","1,536.00","1,519.00","5.30K","0.92%"
"05/10/2021","1,518.00","1,537.00","1,547.00","1,515.00","7.82K","-1.36%"
"05/07/2021","1,539.00","1,538.00","1,555.00","1,527.00","8.08K","-0.52%"
"05/06/2021","1,547.00","1,536.00","1,557.00","1,515.00","13.86K","0.59%"
"05/05/2021","1,538.00","1,471.00","1,544.00","1,470.00","17.27K","4.34%"
"05/04/2021","1,474.00","1,450.00","1,484.00","1,448.00","14.46K","1.24%"
"04/30/2021","1,456.00","1,448.00","1,480.00","1,441.00","9.62K","0.28%"
"04/29/2021","1,452.00","1,467.00","1,478.00","1,447.00","11.63K","-1.09%"
"04/28/2021","1,468.00","1,449.00","1,473.00","1,442.00","12.00K","0.48%"
"04/27/2021","1,461.00","1,440.00","1,462.00","1,432.00","14.50K","1.46%"
"04/26/2021","1,440.00","1,413.00","1,449.00","1,408.00","15.89K","1.69%"
"04/23/2021","1,416.00","1,404.00","1,427.00","1,403.00","15.62K","0.57%"
"04/22/2021","1,408.00","1,409.00","1,409.00","1,389.00","7.70K","-0.14%"
"04/21/2021","1,410.00","1,398.00","1,414.00","1,385.00","8.12K","0.86%"
"04/20/2021","1,398.00","1,385.00","1,404.00","1,377.00","14.37K","0.94%"
"04/19/2021","1,385.00","1,386.00","1,390.00","1,379.00","6.64K","0.36%"
"04/16/2021","1,380.00","1,388.00","1,395.00","1,371.00","7.36K","-0.65%"
"04/15/2021","1,389.00","1,390.00","1,391.00","1,375.00","6.52K","-0.14%"
"04/14/2021","1,391.00","1,369.00","1,393.00","1,369.00","9.68K","1.61%"
"04/13/2021","1,369.00","1,365.00","1,376.00","1,361.00","7.87K","0.29%"
"04/12/2021","1,365.00","1,367.00","1,382.00","1,363.00","8.74K","0.15%"
"04/09/2021","1,363.00","1,371.00","1,371.00","1,359.00","7.25K","-0.44%"
"04/08/2021","1,369.00","1,355.00","1,375.00","1,349.00","6.42K","1.48%"
"04/07/2021","1,349.00","1,365.00","1,371.00","1,348.00","6.32K","-0.59%"
"04/06/2021","1,357.00","1,353.00","1,369.00","1,341.00","11.18K","0.52%"
"04/01/2021","1,350.00","1,377.00","1,379.00","1,350.00","6.14K","-1.17%"
"03/31/2021","1,366.00","1,375.00","1,381.00","1,355.00","9.07K","-0.51%"
"03/30/2021","1,373.00","1,392.00","1,406.00","1,369.00","6.14K","-1.72%"
"03/29/2021","1,397.00","1,414.00","1,416.00","1,394.00","2.90K","-1.34%"
"03/26/2021","1,416.00","1,396.00","1,420.00","1,396.00","7.22K","3.74%"
"03/25/2021","1,365.00","1,366.00","1,381.00","1,354.00","5.62K","-0.07%"
"03/24/2021","1,366.00","1,378.00","1,388.00","1,365.00","6.03K","-0.80%"
"03/23/2021","1,377.00","1,398.00","1,404.00","1,375.00","3.89K","-1.50%"
"03/22/2021","1,398.00","1,385.00","1,400.00","1,369.00","4.79K","1.30%"
"03/19/2021","1,380.00","1,391.00","1,406.00","1,371.00","5.94K","-0.43%"
"03/18/2021","1,386.00","1,413.00","1,417.00","1,383.00","4.18K","-1.84%"
"03/17/2021","1,412.00","1,407.00","1,420.00","1,397.00","4.67K","0.43%"
"03/16/2021","1,406.00","1,391.00","1,413.00","1,385.00","4.61K","1.30%"
"03/15/2021","1,388.00","1,402.00","1,410.00","1,382.00","5.45K","-1.07%"
"03/12/2021","1,403.00","1,416.00","1,418.00","1,395.00","3.73K","-1.13%"
"03/11/2021","1,419.00","1,410.00","1,423.00","1,404.00","5.59K","0.64%"
"03/10/2021","1,410.00","1,405.00","1,425.00","1,404.00","8.10K","0.71%"
"03/09/2021","1,400.00","1,355.00","1,404.00","1,330.00","16.06K","2.87%"
"03/08/2021","1,361.00","1,379.00","1,379.00","1,358.00","9.75K","-1.45%"
"03/05/2021","1,381.00","1,405.00","1,408.00","1,375.00","6.98K","-1.78%"
"03/04/2021","1,406.00","1,421.00","1,430.00","1,396.00","12.83K","-1.40%"
"03/03/2021","1,426.00","1,450.00","1,456.00","1,421.00","9.11K","-1.66%"
"03/02/2021","1,450.00","1,456.00","1,459.00","1,444.00","9.45K","-1.02%"
"03/01/2021","1,465.00","1,470.00","1,477.00","1,460.00","7.95K","-0.54%"
"02/26/2021","1,473.00","1,465.00","1,484.00","1,451.00","14.76K","-0.20%"
"02/25/2021","1,476.00","1,458.00","1,479.00","1,453.00","15.17K","0.89%"
"02/24/2021","1,463.00","1,460.00","1,479.00","1,445.00","17.67K","0.21%"
"02/23/2021","1,460.00","1,416.00","1,465.00","1,409.00","22.90K","3.11%"
"02/22/2021","1,416.00","1,368.00","1,425.00","1,362.00","20.51K","3.43%"
"02/19/2021","1,369.00","1,372.00","1,382.00","1,366.00","6.88K","-0.80%"
"02/18/2021","1,380.00","1,373.00","1,385.00","1,368.00","15.40K","0.58%"
"02/17/2021","1,372.00","1,363.00","1,375.00","1,357.00","10.86K","0.66%"
"02/16/2021","1,363.00","1,360.00","1,371.00","1,356.00","6.86K","0.52%"
"02/15/2021","1,356.00","1,366.00","1,367.00","1,354.00","5.18K","-0.80%"
"02/12/2021","1,367.00","1,356.00","1,377.00","1,345.00","9.19K","0.37%"
"02/11/2021","1,362.00","1,374.00","1,376.00","1,354.00","5.79K","-0.87%"
"02/10/2021","1,374.00","1,368.00","1,378.00","1,362.00","7.79K","0.66%"
"02/09/2021","1,365.00","1,353.00","1,372.00","1,352.00","11.36K","0.66%"
"02/08/2021","1,356.00","1,359.00","1,363.00","1,352.00","5.49K","-0.22%"
"02/05/2021","1,359.00","1,360.00","1,367.00","1,353.00","6.07K","0.00%"
"02/04/2021","1,359.00","1,342.00","1,364.00","1,332.00","9.10K","1.19%"
"02/03/2021","1,343.00","1,314.00","1,350.00","1,312.00","10.66K","1.90%"
"02/02/2021","1,318.00","1,332.00","1,336.00","1,316.00","6.83K","-1.35%"
"02/01/2021","1,336.00","1,313.00","1,339.00","1,312.00","10.58K","1.29%"
"01/29/2021","1,319.00","1,314.00","1,323.00","1,300.00","9.43K","0.46%"
"01/28/2021","1,313.00","1,326.00","1,327.00","1,312.00","3.40K","-0.98%"
"01/27/2021","1,326.00","1,335.00","1,335.00","1,316.00","3.72K","0.08%"
"01/26/2021","1,325.00","1,324.00","1,333.00","1,314.00","4.58K","1.22%"
"01/25/2021","1,309.00","1,305.00","1,314.00","1,301.00","7.88K","-0.08%"
"01/22/2021","1,310.00","1,323.00","1,328.00","1,307.00","7.72K","-0.98%"
"01/21/2021","1,323.00","1,338.00","1,342.00","1,320.00","5.97K","-1.27%"
"01/20/2021","1,340.00","1,346.00","1,348.00","1,332.00","4.39K","-0.59%"
"01/19/2021","1,348.00","1,343.00","1,349.00","1,332.00","5.19K","0.37%"
"01/18/2021","1,343.00","1,349.00","1,351.00","1,340.00","2.73K","-0.74%"
"01/15/2021","1,353.00","1,339.00","1,365.00","1,327.00","11.36K","1.58%"
"01/14/2021","1,332.00","1,336.00","1,337.00","1,318.00","6.92K","0.00%"
"01/13/2021","1,332.00","1,306.00","1,336.00","1,304.00","7.56K","2.30%"
"01/12/2021","1,302.00","1,318.00","1,322.00","1,300.00","6.69K","-0.99%"
"01/11/2021","1,315.00","1,316.00","1,329.00","1,296.00","11.49K","-0.23%"
"01/08/2021","1,318.00","1,336.00","1,339.00","1,314.00","11.37K","-1.35%"
"01/07/2021","1,336.00","1,354.00","1,360.00","1,334.00","9.30K","-1.47%"
"01/06/2021","1,356.00","1,358.00","1,370.00","1,354.00","5.70K","-0.66%"
"01/05/2021","1,365.00","1,372.00","1,376.00","1,360.00","7.53K","-0.51%"
"01/04/2021","1,372.00","1,388.00","1,393.00","1,366.00","8.39K","-1.01%"
"12/31/2020","1,386.00","1,378.00","1,388.00","1,376.00","3.93K","0.73%"
"12/30/2020","1,376.00","1,383.00","1,384.00","1,373.00","2.95K","-0.51%"
"12/29/2020","1,383.00","1,375.00","1,388.00","1,367.00","4.50K","0.00%"
"12/24/2020","1,383.00","1,375.00","1,388.00","1,375.00","1.98K","0.36%"
"12/23/2020","1,378.00","1,378.00","1,386.00","1,371.00","6.60K","-0.07%"
"12/22/2020","1,379.00","1,383.00","1,391.00","1,373.00","7.01K","-0.29%"
"12/21/2020","1,383.00","1,382.00","1,387.00","1,365.00","7.81K","0.22%"
"12/18/2020","1,380.00","1,385.00","1,395.00","1,375.00","7.70K","-0.50%"
"12/17/2020","1,387.00","1,380.00","1,390.00","1,376.00","9.65K","0.65%"
"12/16/2020","1,378.00","1,365.00","1,381.00","1,365.00","7.42K","0.44%"
"12/15/2020","1,372.00","1,370.00","1,381.00","1,366.00","6.60K","-0.29%"
"12/14/2020","1,376.00","1,357.00","1,378.00","1,352.00","7.79K","1.40%"
"12/11/2020","1,357.00","1,355.00","1,364.00","1,345.00","5.77K","0.44%"
"12/10/2020","1,351.00","1,336.00","1,353.00","1,317.00","12.00K","1.27%"
"12/09/2020","1,334.00","1,347.00","1,351.00","1,331.00","7.04K","-0.82%"
"12/08/2020","1,345.00","1,350.00","1,359.00","1,338.00","5.89K","-0.37%"
"12/07/2020","1,350.00","1,353.00","1,357.00","1,334.00","9.87K","-0.37%"
"12/04/2020","1,355.00","1,372.00","1,380.00","1,352.00","7.03K","-1.17%"
"12/03/2020","1,371.00","1,361.00","1,375.00","1,352.00","8.53K","0.51%"
"12/02/2020","1,364.00","1,385.00","1,387.00","1,353.00","13.85K","-1.73%"
"12/01/2020","1,388.00","1,406.00","1,412.00","1,385.00","4.00K","-1.21%"
"11/30/2020","1,405.00","1,405.00","1,411.00","1,393.00","3.69K","-0.57%"
"11/27/2020","1,413.00","1,410.00","1,422.00","1,401.00","6.79K","0.14%"
"11/26/2020","1,411.00","1,376.00","1,412.00","1,375.00","4.77K","2.54%"
"11/25/2020","1,376.00","1,370.00","1,378.00","1,360.00","3.99K","1.70%"
"11/24/2020","1,353.00","1,378.00","1,385.00","1,348.00","6.99K","-1.81%"
"11/23/2020","1,378.00","1,388.00","1,397.00","1,371.00","5.19K","-0.58%"
"11/20/2020","1,386.00","1,392.00","1,405.00","1,374.00","7.85K","-0.36%"
"11/19/2020","1,391.00","1,403.00","1,410.00","1,388.00","6.46K","-0.78%"
"11/18/2020","1,402.00","1,414.00","1,448.00","1,399.00","12.85K","-0.99%"
"11/17/2020","1,416.00","1,444.00","1,444.00","1,408.00","7.75K","-1.67%"
"11/16/2020","1,440.00","1,410.00","1,443.00","1,406.00","9.88K","2.13%"
"11/13/2020","1,410.00","1,416.00","1,426.00","1,406.00","8.11K","-0.21%"
"11/12/2020","1,413.00","1,395.00","1,419.00","1,395.00","12.00K","1.44%"
"11/11/2020","1,393.00","1,369.00","1,394.00","1,364.00","7.80K","1.98%"
"11/10/2020","1,366.00","1,348.00","1,368.00","1,343.00","6.49K","1.41%"
"11/09/2020","1,347.00","1,352.00","1,369.00","1,341.00","5.98K","-0.22%"
"11/06/2020","1,350.00","1,344.00","1,361.00","1,338.00","4.86K","0.82%"
"11/05/2020","1,339.00","1,317.00","1,344.00","1,314.00","4.00K","1.98%"
"11/04/2020","1,313.00","1,330.00","1,337.00","1,307.00","3.77K","-1.06%"
"11/03/2020","1,327.00","1,342.00","1,352.00","1,325.00","6.11K","-1.12%"
"11/02/2020","1,342.00","1,344.00","1,365.00","1,336.00","4.83K","-0.67%"
"10/30/2020","1,351.00","1,341.00","1,362.00","1,336.00","5.28K","1.05%"
"10/29/2020","1,337.00","1,346.00","1,347.00","1,325.00","4.74K","-0.74%"
"10/28/2020","1,347.00","1,350.00","1,360.00","1,326.00","8.52K","-0.30%"
"10/27/2020","1,351.00","1,316.00","1,354.00","1,315.00","7.78K","2.89%"
"10/26/2020","1,313.00","1,298.00","1,318.00","1,298.00","8.39K","0.61%"
"10/23/2020","1,305.00","1,309.00","1,316.00","1,296.00","7.23K","-0.15%"
"10/22/2020","1,307.00","1,278.00","1,318.00","1,277.00","12.28K","2.19%"
"10/21/2020","1,279.00","1,287.00","1,302.00","1,277.00","10.11K","-0.78%"
"10/20/2020","1,289.00","1,310.00","1,310.00","1,285.00","6.89K","-1.23%"
"10/19/2020","1,305.00","1,297.00","1,312.00","1,291.00","7.33K","0.62%"
"10/16/2020","1,297.00","1,290.00","1,312.00","1,284.00","11.11K","0.86%"
"10/15/2020","1,286.00","1,278.00","1,296.00","1,256.00","9.04K","0.78%"
"10/14/2020","1,276.00","1,255.00","1,286.00","1,253.00","12.60K","2.08%"
"10/13/2020","1,250.00","1,259.00","1,272.00","1,241.00","13.82K","-0.40%"
"10/12/2020","1,255.00","1,283.00","1,290.00","1,253.00","5.50K","-1.95%"
"10/09/2020","1,280.00","1,278.00","1,283.00","1,265.00","9.45K","0.71%"
"10/08/2020","1,271.00","1,261.00","1,284.00","1,251.00","9.10K","0.39%"
"10/07/2020","1,266.00","1,280.00","1,280.00","1,257.00","8.37K","-1.02%"
"10/06/2020","1,279.00","1,297.00","1,299.00","1,271.00","8.71K","-1.08%"
"10/05/2020","1,293.00","1,318.00","1,321.00","1,280.00","8.35K","-1.37%"
"10/02/2020","1,311.00","1,299.00","1,321.00","1,284.00","9.77K","-0.30%"
"10/01/2020","1,315.00","1,335.00","1,356.00","1,290.00","7.75K","-1.20%"
"09/30/2020","1,331.00","1,330.00","1,344.00","1,305.00","6.98K","0.08%"
"09/29/2020","1,330.00","1,346.00","1,354.00","1,318.00","8.73K","-1.19%"
"09/28/2020","1,346.00","1,378.00","1,381.00","1,345.00","3.35K","-2.18%"
"09/25/2020","1,376.00","1,366.00","1,386.00","1,351.00","3.74K","1.78%"
"09/24/2020","1,352.00","1,348.00","1,368.00","1,339.00","5.54K","0.22%"
"09/23/2020","1,349.00","1,338.00","1,357.00","1,314.00","7.64K","0.60%"
"09/22/2020","1,341.00","1,348.00","1,361.00","1,336.00","6.43K","-0.45%"
"09/21/2020","1,347.00","1,352.00","1,352.00","1,322.00","9.58K","-0.66%"
"09/18/2020","1,356.00","1,385.00","1,406.00","1,352.00","7.30K","-2.24%"
"09/17/2020","1,387.00","1,393.00","1,394.00","1,361.00","7.94K","-0.36%"
"09/16/2020","1,392.00","1,392.00","1,418.00","1,378.00","6.46K","0.07%"
"09/15/2020","1,391.00","1,383.00","1,408.00","1,360.00","9.49K","0.29%"
"09/14/2020","1,387.00","1,433.00","1,438.00","1,384.00","12.40K","-3.21%"
"09/11/2020","1,433.00","1,422.00","1,441.00","1,419.00","5.99K","0.70%"
"09/10/2020","1,423.00","1,412.00","1,440.00","1,409.00","5.76K","0.49%"
"09/09/2020","1,416.00","1,416.00","1,425.00","1,400.00","5.21K","0.35%"
"09/08/2020","1,411.00","1,431.00","1,437.00","1,404.00","6.10K","-1.12%"
"09/07/2020","1,427.00","1,444.00","1,461.00","1,422.00","3.64K","-1.18%"
"09/04/2020","1,444.00","1,434.00","1,469.00","1,434.00","7.14K","0.56%"
"09/03/2020","1,436.00","1,432.00","1,455.00","1,426.00","4.73K","-0.28%"
"09/02/2020","1,440.00","1,455.00","1,456.00","1,433.00","6.92K","-1.57%"
"09/01/2020","1,463.00","1,449.00","1,471.00","1,442.00","8.76K","2.38%"
"08/28/2020","1,429.00","1,407.00","1,448.00","1,404.00","8.09K","1.71%"
"08/27/2020","1,405.00","1,426.00","1,431.00","1,393.00","7.80K","-1.54%"
"08/26/2020","1,427.00","1,433.00","1,448.00","1,412.00","10.08K","0.42%"
"08/25/2020","1,421.00","1,406.00","1,424.00","1,396.00","6.19K","1.21%"
"08/24/2020","1,404.00","1,405.00","1,431.00","1,397.00","11.42K","-0.14%"
"08/21/2020","1,406.00","1,382.00","1,409.00","1,378.00","6.42K","1.52%"
"08/20/2020","1,385.00","1,379.00","1,411.00","1,378.00","8.68K","0.07%"
"08/19/2020","1,384.00","1,396.00","1,417.00","1,373.00","9.07K","-0.86%"
"08/18/2020","1,396.00","1,377.00","1,404.00","1,373.00","8.40K","1.31%"
"08/17/2020","1,378.00","1,383.00","1,393.00","1,364.00","5.30K","-0.43%"
"08/14/2020","1,384.00","1,382.00","1,405.00","1,378.00","9.06K","0.14%"
"08/13/2020","1,382.00","1,344.00","1,384.00","1,335.00","9.04K","2.98%"
"08/12/2020","1,342.00","1,340.00","1,357.00","1,333.00","6.11K","0.37%"
"08/11/2020","1,337.00","1,348.00","1,366.00","1,326.00","11.23K","-1.47%"
"08/10/2020","1,357.00","1,366.00","1,383.00","1,353.00","8.10K","-0.44%"
"08/07/2020","1,363.00","1,353.00","1,374.00","1,345.00","11.82K","0.74%"
"08/06/2020","1,353.00","1,362.00","1,389.00","1,342.00","11.41K","-0.66%"
"08/05/2020","1,362.00","1,389.00","1,420.00","1,358.00","16.30K","-1.73%"
"08/04/2020","1,386.00","1,342.00","1,389.00","1,339.00","14.02K","2.67%"
"08/03/2020","1,350.00","1,361.00","1,361.00","1,319.00","9.89K","-0.81%"
"07/31/2020","1,361.00","1,358.00","1,374.00","1,352.00","4.05K","0.37%"
"07/30/2020","1,356.00","1,362.00","1,395.00","1,344.00","10.60K","-0.15%"
"07/29/2020","1,358.00","1,343.00","1,376.00","1,338.00","7.39K","0.59%"
"07/28/2020","1,350.00","1,349.00","1,364.00","1,347.00","7.25K","0.30%"
"07/27/2020","1,346.00","1,349.00","1,357.00","1,332.00","9.76K","-0.88%"
"07/24/2020","1,358.00","1,348.00","1,367.00","1,331.00","12.42K","0.59%"
"07/23/2020","1,350.00","1,360.00","1,369.00","1,346.00","13.26K","-0.52%"
"07/22/2020","1,357.00","1,316.00","1,359.00","1,311.00","18.19K","3.04%"
"07/21/2020","1,317.00","1,273.00","1,318.00","1,273.00","12.80K","3.05%"
"07/20/2020","1,278.00","1,289.00","1,290.00","1,277.00","15.89K","-1.16%"
"07/17/2020","1,293.00","1,244.00","1,297.00","1,237.00","16.28K","4.02%"
"07/16/2020","1,243.00","1,227.00","1,245.00","1,217.00","8.77K","1.39%"
"07/15/2020","1,226.00","1,215.00","1,228.00","1,215.00","4.19K","0.91%"
"07/14/2020","1,215.00","1,220.00","1,226.00","1,213.00","5.83K","-0.74%"
"07/13/2020","1,224.00","1,195.00","1,226.00","1,190.00","8.17K","2.26%"
"07/10/2020","1,197.00","1,197.00","1,205.00","1,187.00","8.48K","0.00%"
"07/09/2020","1,197.00","1,196.00","1,198.00","1,189.00","5.19K","0.42%"
"07/08/2020","1,192.00","1,190.00","1,205.00","1,189.00","6.12K","0.08%"
"07/07/2020","1,191.00","1,175.00","1,195.00","1,157.00","7.66K","1.36%"
"07/06/2020","1,175.00","1,193.00","1,194.00","1,172.00","8.52K","-2.00%"
"07/03/2020","1,199.00","1,202.00","1,202.00","1,191.00","2.67K","-0.25%"
"07/02/2020","1,202.00","1,208.00","1,209.00","1,193.00","5.84K","-0.17%"
"07/01/2020","1,204.00","1,191.00","1,208.00","1,186.00","8.81K","1.43%"
"06/30/2020","1,187.00","1,173.00","1,189.00","1,172.00","6.43K","0.76%"
"06/29/2020","1,178.00","1,153.00","1,193.00","1,152.00","9.75K","2.17%"
"06/26/2020","1,153.00","1,153.00","1,160.00","1,144.00","6.45K","-0.09%"
"06/25/2020","1,154.00","1,173.00","1,179.00","1,152.00","6.55K","-1.87%"
"06/24/2020","1,176.00","1,180.00","1,189.00","1,174.00","8.87K","-0.76%"
"06/23/2020","1,185.00","1,193.00","1,195.00","1,175.00","11.02K","-0.25%"
"06/22/2020","1,188.00","1,177.00","1,189.00","1,167.00","7.96K","1.11%"
"06/19/2020","1,175.00","1,160.00","1,177.00","1,153.00","8.18K","0.95%"
"06/18/2020","1,164.00","1,180.00","1,186.00","1,153.00","11.86K","-1.52%"
"06/17/2020","1,182.00","1,170.00","1,195.00","1,170.00","12.11K","0.42%"
"06/16/2020","1,177.00","1,201.00","1,205.00","1,173.00","10.26K","-1.42%"
"06/15/2020","1,194.00","1,205.00","1,213.00","1,192.00","9.11K","-1.49%"
"06/12/2020","1,212.00","1,217.00","1,245.00","1,210.00","10.29K","-1.22%"
"06/11/2020","1,227.00","1,247.00","1,249.00","1,221.00","12.39K","-2.08%"
"06/10/2020","1,253.00","1,239.00","1,261.00","1,236.00","8.86K","0.48%"
"06/09/2020","1,247.00","1,263.00","1,270.00","1,241.00","15.99K","-1.27%"
"06/08/2020","1,263.00","1,245.00","1,267.00","1,236.00","11.12K","1.45%"
"06/05/2020","1,245.00","1,217.00","1,248.00","1,209.00","14.16K","2.89%"
"06/04/2020","1,210.00","1,218.00","1,224.00","1,206.00","7.82K","-0.66%"
"06/03/2020","1,218.00","1,206.00","1,220.00","1,194.00","8.40K","1.67%"
"06/02/2020","1,198.00","1,186.00","1,204.00","1,177.00","5.11K","1.70%"
"06/01/2020","1,178.00","1,190.00","1,198.00","1,174.00","4.67K","-0.93%"
"05/29/2020","1,189.00","1,208.00","1,210.00","1,184.00","6.41K","-0.83%"
"05/28/2020","1,199.00","1,236.00","1,236.00","1,198.00","8.08K","-2.68%"
"05/27/2020","1,232.00","1,243.00","1,248.00","1,228.00","6.66K","-0.81%"
"05/26/2020","1,242.00","1,232.00","1,251.00","1,232.00","6.60K","2.90%"
"05/22/2020","1,207.00","1,185.00","1,212.00","1,182.00","8.26K","1.51%"
"05/21/2020","1,189.00","1,186.00","1,192.00","1,173.00","5.47K","0.25%"
"05/20/2020","1,186.00","1,177.00","1,191.00","1,173.00","5.70K","0.17%"
"05/19/2020","1,184.00","1,181.00","1,196.00","1,178.00","7.67K","0.17%"
"05/18/2020","1,182.00","1,179.00","1,186.00","1,168.00","4.46K","0.34%"
"05/15/2020","1,178.00","1,171.00","1,188.00","1,168.00","6.50K","0.86%"
"05/14/2020","1,168.00","1,145.00","1,177.00","1,144.00","5.18K","1.83%"
"05/13/2020","1,147.00","1,183.00","1,183.00","1,145.00","8.14K","-2.80%"
"05/12/2020","1,180.00","1,191.00","1,195.00","1,179.00","4.60K","-1.50%"
"05/11/2020","1,198.00","1,196.00","1,206.00","1,187.00","7.47K","1.01%"
"05/07/2020","1,186.00","1,192.00","1,193.00","1,170.00","7.71K","-1.25%"
"05/06/2020","1,201.00","1,190.00","1,207.00","1,188.00","6.01K","0.08%"
"05/05/2020","1,200.00","1,200.00","1,215.00","1,191.00","7.65K","0.25%"
"05/04/2020","1,197.00","1,207.00","1,207.00","1,181.00","5.49K","-0.66%"
"05/01/2020","1,205.00","1,187.00","1,208.00","1,181.00","3.78K","0.92%"
"04/30/2020","1,194.00","1,186.00","1,199.00","1,167.00","5.39K","0.67%"
"04/29/2020","1,186.00","1,184.00","1,188.00","1,163.00","6.00K","0.51%"
"04/28/2020","1,180.00","1,145.00","1,189.00","1,145.00","7.53K","2.61%"
"04/27/2020","1,150.00","1,142.00","1,156.00","1,133.00","4.50K","0.52%"
"04/24/2020","1,144.00","1,149.00","1,149.00","1,127.00","11.62K","-0.52%"
"04/23/2020","1,150.00","1,128.00","1,152.00","1,122.00","12.18K","2.59%"
"04/22/2020","1,121.00","1,139.00","1,148.00","1,109.00","10.52K","-1.58%"
"04/21/2020","1,139.00","1,171.00","1,171.00","1,133.00","10.46K","-3.23%"
"04/20/2020","1,177.00","1,187.00","1,191.00","1,174.00","6.20K","-0.93%"
"04/17/2020","1,188.00","1,196.00","1,205.00","1,187.00","8.86K","-1.41%"
"04/16/2020","1,205.00","1,204.00","1,209.00","1,193.00","6.97K","-0.08%"
"04/15/2020","1,206.00","1,182.00","1,210.00","1,154.00","16.95K","1.17%"
"04/14/2020","1,192.00","1,226.00","1,229.00","1,186.00","11.39K","-2.21%"
"04/09/2020","1,219.00","1,232.00","1,237.00","1,216.00","7.85K","-0.89%"
"04/08/2020","1,230.00","1,228.00","1,235.00","1,222.00","8.72K","-0.24%"
"04/07/2020","1,233.00","1,226.00","1,234.00","1,222.00","8.28K","0.98%"
"04/06/2020","1,221.00","1,220.00","1,230.00","1,211.00","4.84K","0.08%"
"04/03/2020","1,220.00","1,230.00","1,234.00","1,215.00","6.79K","-1.13%"
"04/02/2020","1,234.00","1,207.00","1,236.00","1,207.00","8.35K","2.49%"
"04/01/2020","1,204.00","1,210.00","1,214.00","1,200.00","6.52K","-1.47%"
"03/31/2020","1,222.00","1,245.00","1,249.00","1,201.00","7.83K","-1.21%"
"03/30/2020","1,237.00","1,249.00","1,255.00","1,233.00","4.44K","-0.56%"
"03/27/2020","1,244.00","1,273.00","1,273.00","1,244.00","6.40K","-2.66%"
"03/26/2020","1,278.00","1,293.00","1,293.00","1,272.00","4.20K","1.51%"
"03/25/2020","1,259.00","1,259.00","1,267.00","1,244.00","6.57K","0.16%"
"03/24/2020","1,257.00","1,247.00","1,260.00","1,243.00","7.37K","1.05%"
"03/23/2020","1,244.00","1,238.00","1,258.00","1,238.00","6.46K","0.00%"
"03/20/2020","1,244.00","1,235.00","1,248.00","1,226.00","7.56K","2.30%"
"03/19/2020","1,216.00","1,212.00","1,226.00","1,205.00","12.11K","-0.90%"
"03/18/2020","1,227.00","1,191.00","1,241.00","1,191.00","13.63K","1.24%"
"03/17/2020","1,212.00","1,226.00","1,234.00","1,206.00","6.50K","-0.74%"
"03/16/2020","1,221.00","1,214.00","1,248.00","1,213.00","10.10K","-1.61%"
"03/13/2020","1,241.00","1,255.00","1,272.00","1,232.00","8.59K","-0.64%"
"03/12/2020","1,249.00","1,241.00","1,257.00","1,225.00","8.37K","-1.73%"
"03/11/2020","1,271.00","1,279.00","1,288.00","1,262.00","8.18K","-0.63%"
"03/10/2020","1,279.00","1,249.00","1,290.00","1,248.00","13.75K","2.57%"
"03/09/2020","1,247.00","1,208.00","1,250.00","1,115.00","19.80K","0.16%"
"03/06/2020","1,245.00","1,280.00","1,295.00","1,215.00","16.14K","-2.28%"
"03/05/2020","1,274.00","1,297.00","1,307.00","1,273.00","6.84K","-2.52%"
"03/04/2020","1,307.00","1,321.00","1,324.00","1,300.00","8.06K","-1.80%"
"03/03/2020","1,331.00","1,294.00","1,332.00","1,293.00","13.92K","3.10%"
"03/02/2020","1,291.00","1,289.00","1,304.00","1,285.00","10.32K","0.62%"
"02/28/2020","1,283.00","1,280.00","1,298.00","1,271.00","8.85K","-0.47%"
"02/27/2020","1,289.00","1,290.00","1,305.00","1,286.00","9.03K","-0.46%"
"02/26/2020","1,295.00","1,278.00","1,297.00","1,277.00","6.23K","1.01%"
"02/25/2020","1,282.00","1,284.00","1,289.00","1,276.00","4.69K","0.71%"
"02/24/2020","1,273.00","1,281.00","1,288.00","1,269.00","15.78K","-1.77%"
"02/21/2020","1,296.00","1,276.00","1,299.00","1,274.00","10.06K","1.33%"
"02/20/2020","1,279.00","1,290.00","1,294.00","1,274.00","11.39K","-0.85%"
"02/19/2020","1,290.00","1,292.00","1,299.00","1,278.00","13.39K","-0.23%"
"02/18/2020","1,293.00","1,312.00","1,318.00","1,289.00","13.93K","-1.60%"
"02/17/2020","1,314.00","1,317.00","1,323.00","1,308.00","5.22K","0.00%"
"02/14/2020","1,314.00","1,297.00","1,315.00","1,289.00","10.53K","1.00%"
"02/13/2020","1,301.00","1,286.00","1,304.00","1,283.00","8.67K","1.09%"
"02/12/2020","1,287.00","1,300.00","1,307.00","1,286.00","9.14K","-0.92%"
"02/11/2020","1,299.00","1,284.00","1,304.00","1,277.00","16.63K","1.09%"
"02/10/2020","1,285.00","1,290.00","1,295.00","1,280.00","11.34K","-0.39%"
"02/07/2020","1,290.00","1,296.00","1,297.00","1,283.00","8.65K","-0.54%"
"02/06/2020","1,297.00","1,286.00","1,300.00","1,283.00","8.57K","1.01%"
"02/05/2020","1,284.00","1,301.00","1,302.00","1,280.00","8.04K","-0.47%"
"02/04/2020","1,290.00","1,309.00","1,326.00","1,288.00","9.37K","-0.92%"
"02/03/2020","1,302.00","1,332.00","1,332.00","1,301.00","8.54K","-2.98%"
"01/31/2020","1,342.00","1,317.00","1,347.00","1,303.00","8.60K","2.05%"
"01/30/2020","1,315.00","1,315.00","1,327.00","1,303.00","9.86K","-0.15%"
"01/29/2020","1,317.00","1,340.00","1,343.00","1,315.00","5.12K","-1.50%"
"01/28/2020","1,337.00","1,339.00","1,345.00","1,330.00","5.27K","0.68%"
"01/27/2020","1,328.00","1,310.00","1,332.00","1,305.00","7.34K","0.68%"
"01/24/2020","1,319.00","1,368.00","1,374.00","1,316.00","10.85K","-3.51%"
"01/23/2020","1,367.00","1,340.00","1,370.00","1,337.00","13.82K","2.24%"
"01/22/2020","1,337.00","1,337.00","1,346.00","1,328.00","7.57K","0.15%"
"01/21/2020","1,335.00","1,305.00","1,339.00","1,305.00","13.42K","2.30%"
"01/20/2020","1,305.00","1,316.00","1,316.00","1,303.00","2.65K","-1.06%"
"01/17/2020","1,319.00","1,311.00","1,322.00","1,310.00","3.88K","0.38%"
"01/16/2020","1,314.00","1,324.00","1,324.00","1,312.00","5.51K","-0.98%"
"01/15/2020","1,327.00","1,313.00","1,335.00","1,308.00","9.52K","0.53%"
"01/14/2020","1,320.00","1,312.00","1,341.00","1,308.00","7.87K","0.61%"
"01/13/2020","1,312.00","1,345.00","1,345.00","1,305.00","6.45K","-2.45%"